"Time (s)"	"Acceleration (m/sÂ²)"
1.481749990E-3	5.201566100E-2
4.163375002E-2	-1.035039032E-1
8.178475004E-2	-2.312573791E-3
1.219367500E-1	-7.745631158E-2
1.620877500E-1	1.385907054E-2
2.022387500E-1	2.912556589E-2
2.423907500E-1	-5.814471245E-2
2.825417500E-1	-1.530420989E-1
3.226937500E-1	8.720478952E-2
3.628447500E-1	6.191499710E-2
4.029967500E-1	1.985071242E-2
4.431477500E-1	-2.011559129E-2
4.832987500E-1	-4.855410933E-2
5.234507500E-1	-3.746954262E-2
5.636017500E-1	-1.082144201E-2
6.037537500E-1	2.518395782E-3
6.439047500E-1	-2.846658468E-2
6.840567500E-1	-1.034898698E-2
7.242077500E-1	-1.783225358E-2
7.643597500E-1	-2.545585334E-2
8.045107500E-1	-3.129020512E-2
8.446617500E-1	-1.676981449E-2
8.848137500E-1	-2.859171510E-2
9.249646667E-1	-5.539652109E-3
9.651166667E-1	-3.457458615E-2
1.005267667E0	-1.302291870E-2
1.045419667E0	-2.065938234E-2
1.085570667E0	-1.137575805E-2
1.125722667E0	-2.080673218E-2
1.165873667E0	-4.146319091E-2
1.206024667E0	-2.574002802E-2
1.246176667E0	-2.633878291E-2
1.286327667E0	-3.486987054E-2
1.326479667E0	1.360647082E-3
1.366630667E0	-7.175703049E-3
1.406782667E0	-3.112122059E-2
1.446933667E0	-2.753044546E-2
1.487085667E0	1.258262336E-2
1.527236667E0	-9.873023629E-3
1.567387667E0	-2.244687617E-2
1.607539667E0	-2.933548093E-2
1.647690667E0	-3.517743409E-2
1.687842667E0	-2.125345945E-2
1.727993667E0	3.892491460E-3
1.768145667E0	-2.649373412E-2
1.808296667E0	-3.218190551E-2
1.848447667E0	-2.544298947E-2
1.888599667E0	-4.700050414E-2
1.928750875E0	-7.030107379E-3
1.968902875E0	3.306600451E-3
2.009053875E0	-2.453725576E-2
2.049205875E0	-2.798068106E-2
2.089356875E0	-5.101695657E-2
2.129507875E0	-1.733231664E-2
2.169659875E0	-2.241588593E-2
2.209810875E0	2.368005395E-2
2.249962875E0	4.516974092E-3
2.290113875E0	-1.569626570E-2
2.330265875E0	-2.572774887E-2
2.370416875E0	-3.635389388E-2
2.410568875E0	-3.964002907E-2
2.450719875E0	-3.050901711E-2
2.490870875E0	-2.138619125E-2
2.531022875E0	1.708322525E-2
2.571173875E0	-4.757470071E-2
2.611325875E0	-1.464961410E-2
2.651476875E0	-1.480105698E-2
2.691628875E0	-4.608190656E-2
2.731779875E0	-2.587042093E-2
2.771930875E0	-1.478293061E-2
2.812082875E0	1.814449489E-2
2.852233875E0	-2.003256083E-2
2.892385875E0	-3.380567729E-2
2.932537250E0	-3.964587629E-2
2.972689250E0	-2.198494613E-2
3.012840250E0	-3.366826773E-2
3.052991250E0	1.841346681E-2
3.093143250E0	-3.886059523E-3
3.133294250E0	6.150101423E-3
3.173446250E0	-6.494619370E-2
3.213597250E0	-3.934532940E-2
3.253749250E0	-4.457975686E-2
3.293900250E0	5.272726715E-2
3.334051250E0	-3.904361308E-2
3.374203250E0	-3.456990838E-2
3.414354250E0	1.526708007E-2
3.454506250E0	-5.375754654E-2
3.494657250E0	-1.184938252E-2
3.534809250E0	8.469808817E-2
3.574960250E0	-3.309757948E-2
3.615111250E0	-3.922546148E-2
3.655263250E0	-2.125229001E-2
3.695414250E0	-5.266996443E-2
3.735566250E0	-8.289656103E-2
3.775717250E0	-2.345961392E-2
3.815869250E0	9.443253279E-4
3.856020250E0	-2.045122147E-2
3.896171250E0	-5.846104681E-2
3.936322417E0	-5.861248970E-2
3.976473417E0	-2.225040972E-2
4.016625417E0	7.863218665E-2
4.056776417E0	-4.200581253E-2
4.096927417E0	-4.935108483E-2
4.137079417E0	2.953487098E-2
4.177230417E0	-3.318821132E-2
4.217382417E0	-4.350854695E-2
4.257533417E0	1.399823427E-3
4.297685417E0	-3.602411091E-2
4.337836417E0	-7.144128084E-3
4.377987417E0	-2.002086639E-2
4.418139417E0	-2.571079195E-2
4.458290417E0	-1.133716643E-2
4.498442417E0	-3.108730674E-2
4.538593417E0	2.414315343E-2
4.578744417E0	7.922977209E-4
4.618896417E0	-3.932252526E-2
4.659047417E0	-3.244269133E-2
4.699199417E0	-2.599555135E-2
4.739350417E0	1.936597824E-2
4.779502417E0	-1.417482018E-2
4.819653417E0	-4.785361290E-2
4.859804417E0	-8.632244468E-3
4.899956417E0	-2.074650586E-2
4.940108250E0	-2.299183667E-2
4.980260250E0	-4.275425613E-2
5.020411250E0	4.991183281E-3
5.060562250E0	-2.899517298E-2
5.100714250E0	-4.321209311E-2
5.140865250E0	-3.393314660E-2
5.181017250E0	-2.031264246E-2
5.221168250E0	-1.672245204E-2
5.261320250E0	4.330389440E-2
5.301471250E0	-1.164648414E-2
5.341622250E0	8.262115717E-3
5.381774250E0	-4.462594986E-3
5.421925250E0	-3.544348240E-2
5.462077250E0	-4.277822971E-2
5.502228250E0	-2.736087620E-2
5.542379250E0	-7.301418185E-3
5.582531250E0	-2.869871914E-2
5.622682250E0	-3.976808310E-2
5.662834250E0	-1.911220908E-2
5.702985250E0	-9.383611679E-3
5.743136250E0	-5.332660675E-3
5.783288250E0	-3.451085150E-2
5.823439250E0	-1.609738469E-2
5.863591250E0	-1.115064025E-2
5.903742250E0	-3.179715872E-2
5.943893250E0	-5.449020267E-3
5.984045250E0	-2.430395186E-2
6.024196250E0	-1.981562912E-2
6.064348250E0	-3.133873701E-2
6.104499250E0	-4.017972708E-2
6.144651250E0	-4.004699528E-2
6.184802250E0	7.392050028E-3
6.224953250E0	-1.641371906E-2
6.265105250E0	-1.685810745E-2
6.305256250E0	-4.664031565E-2
6.345408250E0	-2.359643877E-2
6.385559250E0	-2.135110795E-2
6.425710250E0	-1.625935256E-2
6.465862250E0	-2.060149491E-2
6.506013250E0	8.901801109E-3
6.546165250E0	3.449798763E-2
6.586316250E0	1.082956964E-1
6.626467250E0	1.978142291E-1
6.666619250E0	2.094922882E-1
6.706770250E0	2.162323737E-1
6.746922250E0	2.096530867E-1
6.787073250E0	1.768735957E-1
6.827224250E0	1.675917256E-1
6.867376250E0	1.247854292E-1
6.907526750E0	1.384111959E-1
6.947678750E0	2.204423690E-1
6.987829750E0	2.738753951E-1
7.027980750E0	3.690809298E-1
7.068132750E0	3.747702706E-1
7.108283750E0	3.964792281E-1
7.148434750E0	4.089057308E-1
7.188586750E0	4.590456051E-1
7.228737750E0	5.135352230E-1
7.268889750E0	5.485734934E-1
7.309040750E0	5.871867514E-1
7.349191750E0	5.868745100E-1
7.389343750E0	6.627707845E-1
7.429494750E0	5.832925057E-1
7.469646750E0	7.038006967E-1
7.509797750E0	6.856866074E-1
7.549948750E0	6.651658040E-1
7.590100750E0	6.973488790E-1
7.630251750E0	7.072230721E-1
7.670403750E0	7.112687606E-1
7.710554750E0	7.385121077E-1
7.750705750E0	6.965986812E-1
7.790857750E0	7.088719869E-1
7.831008750E0	7.281818318E-1
7.871160750E0	6.524457711E-1
7.911311500E0	6.994527072E-1
7.951462500E0	6.226723337E-1
7.991614500E0	5.386466753E-1
8.031765500E0	5.423187268E-1
8.071916500E0	5.494505757E-1
8.112068500E0	5.037949312E-1
8.152219500E0	4.689180440E-1
8.192371500E0	4.883389860E-1
8.232522500E0	4.699518317E-1
8.272673500E0	4.236927545E-1
8.312825500E0	4.098038632E-1
8.352976500E0	3.929200280E-1
8.393128500E0	2.770258749E-1
8.433279500E0	3.579583561E-1
8.473430500E0	2.771346331E-1
8.513582500E0	3.205116177E-1
8.553733500E0	1.437421024E-1
8.593884500E0	1.787751102E-1
8.634036500E0	1.103825676E-1
8.674187500E0	2.138168889E-1
8.714339500E0	1.624911994E-1
8.754490500E0	1.069713020E-1
8.794641500E0	9.875011683E-2
8.834793500E0	3.978971779E-2
8.874944500E0	6.524089336E-2
8.915096375E0	6.330020249E-2
8.955247375E0	-5.998658538E-3
8.995398375E0	-1.617515266E-2
9.035550375E0	-3.086043477E-2
9.075701375E0	-4.689408481E-2
9.115852375E0	-5.438202918E-2
9.156004375E0	-6.845159948E-2
9.196155375E0	-4.210579991E-2
9.236306375E0	-1.079618204E-1
9.276458375E0	-7.382752955E-2
9.316609375E0	-1.747177273E-1
9.356761375E0	-1.652820754E-1
9.396912375E0	-1.776974684E-1
9.437063375E0	-1.627367824E-1
9.477215375E0	-4.644560337E-2
9.517366375E0	-6.008189499E-2
9.557517375E0	-1.018508953E-1
9.597669375E0	-2.041029096E-2
9.637820375E0	-2.489978313E-2
9.677972375E0	-7.384507120E-2
9.718123375E0	-1.045359367E-1
9.758274375E0	-1.186119390E-1
9.798426375E0	-1.355150700E-1
9.838577375E0	6.226115227E-3
9.878728375E0	-7.446019828E-2
9.918880750E0	-5.813594162E-2
9.959031750E0	-7.968702435E-2
9.999183750E0	-8.312752604E-2
1.003933475E1	-5.213845253E-2
1.007948575E1	-6.515961707E-2
1.011963775E1	-6.366097569E-2
1.015978875E1	-3.326247096E-2
1.019993975E1	1.179266453E-2
1.024009175E1	-2.503660798E-2
1.028024275E1	-8.192241490E-2
1.032039375E1	-2.998101354E-2
1.036054575E1	-9.167849422E-3
1.040069675E1	-4.133455217E-2
1.044084875E1	3.636324942E-2
1.048099975E1	-3.324902236E-2
1.052115075E1	-1.253093398E-1
1.056130275E1	-4.073053479E-2
1.060145375E1	5.955447614E-2
1.064160475E1	2.602303326E-2
1.068175675E1	-2.471910417E-2
1.072190775E1	-3.130248427E-2
1.076205875E1	-2.140899539E-2
1.080221075E1	3.157496452E-2
1.084236175E1	-4.281974494E-2
1.088251375E1	2.798652828E-2
1.092266512E1	-4.132402718E-2
1.096281613E1	-1.004668593E-2
1.100296812E1	-1.858888328E-2
1.104311913E1	-7.079223990E-3
1.108327013E1	-6.187523603E-3
1.112342213E1	2.509215653E-2
1.116357313E1	-3.627904952E-2
1.120372412E1	-1.622309983E-2
1.124387613E1	-6.366448402E-2
1.128402712E1	-7.114190340E-2
1.132417813E1	-2.354205966E-2
1.136433013E1	7.794104576E-2
1.140448113E1	1.611668050E-2
1.144463313E1	-2.805552542E-2
1.148478413E1	-5.694310963E-2
1.152493513E1	-3.658368945E-2
1.156508712E1	2.643233836E-2
1.160523813E1	8.884844184E-2
1.164538913E1	-5.620285213E-2
1.168554113E1	-9.871035576E-2
1.172569213E1	1.284048557E-3
1.176584313E1	3.032599926E-2
1.180599513E1	1.461102247E-2
1.184614612E1	-5.898086429E-3
1.188629713E1	-5.799034595E-2
1.192644887E1	-8.601254225E-3
1.196659988E1	5.313364863E-3
1.200675088E1	1.668269098E-2
1.204690288E1	-4.435697794E-3
1.208705388E1	-1.819530720E-1
1.212720487E1	4.183682799E-2
1.216735688E1	4.887044370E-2
1.220750787E1	-1.410804498E-1
1.224765888E1	4.418740869E-3
1.228781087E1	3.366242051E-3
1.232796188E1	-8.314799130E-2
1.236811288E1	-3.030787289E-2
1.240826488E1	9.799933434E-3
1.244841588E1	-4.229466498E-2
1.248856787E1	1.502734423E-2
1.252871888E1	-1.686395466E-2
1.256886987E1	-1.152024275E-1
1.260902188E1	1.218910575E-2
1.264917288E1	4.990773976E-2
1.268932388E1	-4.258702576E-2
1.272947588E1	-3.959208190E-2
1.276962688E1	-1.953028500E-2
1.280977788E1	-9.138320982E-2
1.284992987E1	-3.406003118E-2
1.289008088E1	3.949209452E-3
1.293023192E1	-4.334540963E-2
1.297038392E1	-2.956995428E-2
1.301053492E1	-1.429644227E-2
1.305068592E1	-3.464943051E-2
1.309083792E1	1.818893373E-2
1.313098892E1	-1.849298894E-2
1.317113992E1	-1.206631422E-2
1.321129192E1	-1.252064288E-2
1.325144292E1	-2.508923292E-2
1.329159392E1	3.149017990E-2
1.333174592E1	-9.679890096E-2
1.337189692E1	-3.497628987E-2
1.341204792E1	4.395936728E-3
1.345219992E1	-2.015476763E-2
1.349235092E1	-6.955555379E-2
1.353250192E1	-2.973367631E-2
1.357265392E1	-4.065452099E-2
1.361280492E1	-2.823854327E-2
1.365295592E1	9.916293025E-3
1.369310792E1	-5.131282568E-2
1.373325892E1	-8.496004343E-3
1.377340992E1	-1.882686496E-2
1.381356192E1	3.369516492E-2
1.385371292E1	3.937105715E-2
1.389386392E1	-4.332786798E-4
1.393401637E1	-1.268962741E-2
1.397416738E1	-1.221003878E-1
1.401431838E1	-3.841854572E-2
1.405447038E1	2.085701823E-2
1.409462138E1	-2.345259726E-2
1.413477237E1	-3.318060994E-2
1.417492438E1	-5.801841259E-2
1.421507537E1	3.015409112E-2
1.425522638E1	-5.950419009E-2
1.429537838E1	-8.943901062E-2
1.433552938E1	-2.761873841E-2
1.437568038E1	-1.174354792E-2
1.441583238E1	1.580093086E-2
1.445598338E1	-3.254092455E-2
1.449613437E1	6.981575489E-3
1.453628538E1	-1.396315098E-3
1.457643738E1	-5.362890780E-2
1.461658838E1	-8.804854274E-2
1.465673938E1	-1.889937043E-2
1.469689138E1	2.345435143E-2
1.473704238E1	-6.021755040E-2
1.477719337E1	2.509040236E-3
1.481734538E1	-6.753943384E-2
1.485749638E1	3.425298929E-3
1.489764738E1	1.405729115E-2
1.493779925E1	-4.341908455E-2
1.497795025E1	-1.753463030E-2
1.501810125E1	-7.038468897E-2
1.505825325E1	-4.391843677E-3
1.509840425E1	1.730541945E-2
1.513855525E1	-2.804967821E-2
1.517870725E1	-6.517365038E-2
1.521885825E1	-4.180993080E-2
1.525900925E1	-3.192989051E-2
1.529916125E1	3.107970536E-2
1.533931225E1	-3.418516159E-2
1.537946325E1	-6.456437051E-2
1.541961525E1	-6.860655069E-2
1.545976625E1	6.239563823E-3
1.549991725E1	6.376388669E-3
1.554006825E1	-5.233258009E-4
1.558022025E1	-7.894969046E-2
1.562037125E1	-2.896008968E-2
1.566052225E1	-8.612948656E-3
1.570067425E1	3.368580937E-3
1.574082525E1	-4.857808292E-2
1.578097625E1	-7.537236392E-2
1.582112825E1	-4.408742130E-2
1.586127925E1	3.030494928E-2
1.590143025E1	-2.896652162E-2
1.594158213E1	-8.525532782E-2
1.598173312E1	1.281124949E-3
1.602188413E1	-2.895541191E-2
1.606203612E1	-3.269002855E-2
1.610218713E1	-1.636986494E-2
1.614233813E1	3.917634487E-4
1.618248912E1	-3.761864662E-2
1.622264113E1	-2.548625886E-2
1.626279212E1	4.771386445E-2
1.630294313E1	-3.028682292E-2
1.634309512E1	-7.368134916E-2
1.638324613E1	-7.951277733E-2
1.642339713E1	3.155274510E-2
1.646354913E1	-7.847138822E-2
1.650370013E1	-5.033575594E-2
1.654385112E1	-7.025078773E-2
1.658400313E1	-5.333128452E-2
1.662415412E1	5.772312820E-2
1.666430513E1	-1.202772260E-2
1.670445613E1	-2.204049468E-2
1.674460813E1	-7.128399074E-2
1.678475913E1	9.157090545E-2
1.682491012E1	7.439997196E-3
1.686506213E1	-1.471217930E-2
1.690521312E1	-1.169448978E-1
1.694536354E1	-8.327429116E-2
1.698551554E1	6.383405328E-3
1.702566654E1	2.135637045E-2
1.706581754E1	6.702838719E-2
1.710596954E1	-1.509107888E-1
1.714612054E1	4.167310596E-3
1.718627154E1	5.582044423E-2
1.722642254E1	-2.486645401E-2
1.726657454E1	-3.251987457E-2
1.730672554E1	-1.995011508E-2
1.734687654E1	-1.454670310E-2
1.738702854E1	1.808953106E-2
1.742717954E1	-2.290295899E-2
1.746733054E1	3.605393171E-3
1.750748254E1	-4.473763168E-2
1.754763354E1	-9.862791002E-2
1.758778454E1	3.234972060E-2
1.762793554E1	4.475341916E-2
1.766808754E1	-2.065528929E-2
1.770823854E1	-7.094836056E-2
1.774838954E1	-4.265777707E-2
1.778854154E1	-1.571088374E-2
1.782869254E1	1.498056650E-3
1.786884354E1	2.126339972E-2
1.790899454E1	-5.177943349E-2
1.794914704E1	-8.650663197E-2
1.798929804E1	-5.013753533E-2
1.802944904E1	5.494511604E-2
1.806960104E1	-3.591593742E-2
1.810975204E1	-4.520073116E-2
1.814990304E1	-3.698013067E-2
1.819005504E1	-6.619048119E-2
1.823020604E1	-1.455255032E-2
1.827035704E1	1.523667455E-2
1.831050804E1	-6.909654737E-3
1.835066004E1	-1.504552907E-1
1.839081104E1	-4.759633541E-2
1.843096204E1	-1.039634943E-3
1.847111404E1	8.683115244E-3
1.851126504E1	-1.100019139E-1
1.855141604E1	-1.600382924E-2
1.859156704E1	-3.727073729E-2
1.863171904E1	-7.194998860E-3
1.867187004E1	-1.678033948E-2
1.871202104E1	4.847926497E-2
1.875217304E1	-6.197697759E-2
1.879232404E1	-2.389757037E-3
1.883247504E1	-3.994466901E-2
1.887262604E1	-1.852280974E-2
1.891277804E1	3.491489410E-2
1.895292912E1	-6.731431603E-2
1.899308013E1	-5.862535357E-2
1.903323212E1	7.376847267E-3
1.907338313E1	2.142068982E-2
1.911353413E1	-1.301297843E-2
1.915368512E1	1.916834235E-2
1.919383713E1	-2.931735456E-2
1.923398812E1	-5.774300873E-2
1.927413913E1	3.866646767E-2
1.931429112E1	3.941841960E-2
1.935444213E1	-5.742608964E-2
1.939459313E1	-9.501023769E-2
1.943474412E1	-2.767194808E-2
1.947489613E1	7.501977682E-4
1.951504712E1	-2.379875243E-2
1.955519813E1	-6.449712753E-2
1.959535012E1	-7.931280255E-2
1.963550113E1	-9.143232644E-2
1.967565213E1	9.155570269E-3
1.971580413E1	2.098273337E-2
1.975595513E1	3.114753306E-2
1.979610612E1	-1.068754077E-1
1.983625713E1	3.607439697E-2
1.987640912E1	1.226453483E-2
1.991656013E1	-3.279469371E-2
1.995671050E1	-6.436731935E-2
1.999686150E1	-2.006004274E-2
2.003701350E1	-8.906011105E-2
2.007716450E1	-3.458277225E-2
2.011731550E1	-4.942125142E-2
2.015746750E1	-5.243724525E-2
2.019761850E1	6.538941264E-3
2.023776950E1	-2.039567292E-2
2.027792050E1	-2.173760891E-2
2.031807250E1	3.498681486E-2
2.035822350E1	-6.775168777E-3
2.039837450E1	-4.673913360E-2
2.043852650E1	-1.306384921E-2
2.047867750E1	5.908202112E-2
2.051882850E1	-9.478336573E-4
2.055897950E1	-2.220421672E-2
2.059913150E1	-6.067538738E-2
2.063928250E1	-8.417651653E-2
2.067943350E1	-1.172834516E-2
2.071958550E1	3.984877467E-3
2.075973650E1	-3.762975633E-2
2.079988750E1	-8.507932663E-2
2.084003850E1	-1.892100513E-2
2.088019050E1	-3.463305831E-2
2.092034200E1	2.016763151E-2
2.096049300E1	-2.758599401E-2
2.100064500E1	-2.009161770E-2
2.104079600E1	-1.125705957E-2
2.108094700E1	-5.119237304E-3
2.112109800E1	9.261755705E-2
2.116125000E1	8.652125001E-3
2.120140100E1	-8.924137473E-2
2.124155200E1	-1.859063745E-2
2.128170400E1	-1.291123688E-2
2.132185500E1	-6.469768703E-2
2.136200600E1	-6.903222799E-2
2.140215700E1	-1.140856093E-1
2.144230900E1	4.623393416E-3
2.148246000E1	1.749603868E-2
2.152261100E1	9.407585263E-3
2.156276200E1	-1.916658819E-2
2.160291400E1	-7.814218998E-2
2.164306500E1	-3.009152591E-2
2.168321600E1	-9.732690454E-3
2.172336800E1	3.727015257E-3
2.176351900E1	-3.609076917E-2
2.180367000E1	-8.009808362E-2
2.184382100E1	1.450401843E-2
2.188397300E1	-6.447139978E-3
2.192412363E1	-2.949803352E-2
2.196427463E1	6.570516229E-3
2.200442563E1	-1.213297248E-3
2.204457762E1	-2.815317392E-2
2.208472863E1	-1.394210100E-2
2.212487963E1	-1.738728046E-2
2.216503063E1	-3.101187766E-2
2.220518263E1	2.915772557E-2
2.224533363E1	-1.027244693E-1
2.228548463E1	3.453131676E-2
2.232563662E1	-1.487882495E-2
2.236578763E1	-3.674273372E-2
2.240593862E1	-6.459594548E-2
2.244608963E1	5.906272531E-3
2.248624163E1	-1.175056458E-2
2.252639263E1	-3.075635433E-2
2.256654363E1	-4.063814878E-2
2.260669462E1	-5.275825739E-2
2.264684663E1	-9.797302186E-2
2.268699762E1	4.526855886E-2
2.272714863E1	7.340769947E-2
2.276730063E1	5.724424124E-2
2.280745163E1	-2.238781929E-2
2.284760263E1	-3.630477726E-2
2.288775362E1	-9.243161559E-2
2.292790550E1	-5.141515195E-2
2.296805650E1	-1.011036211E-1
2.300820750E1	-7.534955978E-2
2.304835850E1	-2.520617723E-2
2.308851050E1	1.083120686E-1
2.312866150E1	7.058934152E-2
2.316881250E1	-9.168668032E-2
2.320896350E1	-2.745735526E-2
2.324911550E1	3.212752640E-2
2.328926650E1	-3.492892742E-2
2.332941750E1	4.080420971E-2
2.336956850E1	2.194635451E-2
2.340972050E1	-6.875799358E-2
2.344987150E1	-4.285073519E-2
2.349002250E1	5.353710651E-3
2.353017350E1	3.124225795E-2
2.357032550E1	-1.366552770E-2
2.361047650E1	-1.169349575E-1
2.365062750E1	-5.016794086E-2
2.369077950E1	-4.733788848E-2
2.373093050E1	3.154982150E-2
2.377108150E1	-3.386882722E-2
2.381123250E1	-1.152953982E-1
2.385138450E1	-1.084073782E-3
2.389153550E1	-3.042189360E-2
2.393168688E1	-6.529117942E-2
2.397183788E1	-8.504716694E-2
2.401198987E1	2.167855203E-2
2.405214088E1	6.359022439E-2
2.409229188E1	-6.306806803E-3
2.413244288E1	3.381093979E-2
2.417259488E1	2.833560705E-3
2.421274588E1	-1.064298499E-1
2.425289688E1	-2.185338378E-2
2.429304787E1	-1.346613765E-3
2.433319988E1	-1.227330565E-2
2.437335087E1	-1.079103649E-1
2.441350188E1	2.621365249E-2
2.445365288E1	3.503943980E-2
2.449380488E1	-3.605276227E-2
2.453395588E1	-1.344046837E-1
2.457410687E1	7.052443743E-2
2.461425788E1	-1.344801128E-2
2.465440987E1	4.656137824E-3
2.469456088E1	1.439350605E-2
2.473471188E1	3.384777725E-2
2.477486287E1	-2.632884264E-2
2.481501488E1	-8.784389019E-2
2.485516587E1	-5.760969222E-2
2.489531688E1	8.848591447E-3
2.493546779E1	-4.129245222E-2
2.497561979E1	-1.734225690E-2
2.501577079E1	-1.195053935E-2
2.505592179E1	-9.906995952E-2
2.509607279E1	-4.533580184E-2
2.513622479E1	-3.889275491E-2
2.517637579E1	-5.923872650E-2
2.521652679E1	-3.573291957E-2
2.525667779E1	-6.014036715E-2
2.529682979E1	-6.388433933E-2
2.533698079E1	-7.107056737E-2
2.537713179E1	-2.370812058E-1
2.541728279E1	-1.462242454E-1
2.545743479E1	-1.757105845E-1
2.549758579E1	-1.839539891E-1
2.553773679E1	-2.456257421E-1
2.557788779E1	-2.563963133E-1
2.561803979E1	-2.674662620E-1
2.565819079E1	-3.225517112E-1
2.569834179E1	-3.855671543E-1
2.573849279E1	-3.538413316E-1
2.577864479E1	-5.680482298E-1
2.581879579E1	-5.517263120E-1
2.585894679E1	-5.211851352E-1
2.589909779E1	-7.602380222E-1
2.593924975E1	-5.924328732E-1
2.597940075E1	-7.003578562E-1
2.601955175E1	-8.430053598E-1
2.605970275E1	-7.952540731E-1
2.609985475E1	-7.557385898E-1
2.614000575E1	-7.567840719E-1
2.618015675E1	-8.102112508E-1
2.622030775E1	-7.798244405E-1
2.626045975E1	-7.784696406E-1
2.630061075E1	-7.970275337E-1
2.634076175E1	-7.826585859E-1
2.638091275E1	-8.302631074E-1
2.642106475E1	-8.037682039E-1
2.646121575E1	-7.373075813E-1
2.650136675E1	-8.105082893E-1
2.654151775E1	-7.394043928E-1
2.658166975E1	-6.927161300E-1
2.662182075E1	-6.469254148E-1
2.666197175E1	-5.681979185E-1
2.670212275E1	-5.412709057E-1
2.674227475E1	-5.189585155E-1
2.678242575E1	-4.722474486E-1
2.682257675E1	-4.560711265E-1
2.686272775E1	-2.041461790E-1
2.690287975E1	-1.198737681E-1
2.694303125E1	-4.836296386E-1
2.698318225E1	-2.180841869E-1
2.702333325E1	-1.329171520E-1
2.706348525E1	-4.174719018E-1
2.710363625E1	-3.933638316E-1
2.714378725E1	-3.520398045E-1
2.718393825E1	-3.239000791E-1
2.722409025E1	-2.912732005E-1
2.726424125E1	-2.264556456E-1
2.730439225E1	-2.050501585E-1
2.734454325E1	-1.575824618E-1
2.738469525E1	-1.373768234E-1
2.742484625E1	-6.807620823E-2
2.746499725E1	-5.865108132E-2
2.750514825E1	3.619426489E-3
2.754530025E1	-6.494560897E-2
2.758545125E1	-2.182765603E-2
2.762560225E1	-2.168381453E-2
2.766575325E1	-2.214515984E-2
2.770590525E1	-2.977343738E-2
2.774605625E1	-3.546921015E-2
2.778620725E1	-5.985794663E-3
2.782635825E1	-1.557172000E-2
2.786651025E1	1.203444690E-1
2.790666125E1	9.576569796E-3
2.794681154E1	-1.287030637E-2
2.798696254E1	-2.843559444E-2
2.802711454E1	-2.005478024E-2
2.806726554E1	-3.083470702E-2
2.810741654E1	-1.197977543E-2
2.814756754E1	-4.132753551E-2
2.818771854E1	-1.019929826E-2
2.822787054E1	-2.712055564E-2
2.826802154E1	-1.979808748E-2
2.830817254E1	-1.844445705E-2
2.834832354E1	-3.954647362E-2
2.838847554E1	-2.158324242E-2
2.842862654E1	-2.952083766E-2
2.846877754E1	-3.550663233E-2
2.850892854E1	-1.454787254E-2
2.854908054E1	-1.993783593E-2
2.858923154E1	-1.274751484E-2
2.862938254E1	-2.128620386E-2
2.866953354E1	-3.766776323E-3
2.870968454E1	-1.873798728E-2
2.874983654E1	-8.563247323E-3
2.878998754E1	-2.697320580E-2
2.883013854E1	-1.559744775E-2
2.887028954E1	-1.874734282E-2
2.891044154E1	-1.005721092E-2
2.895059250E1	-1.305390894E-2
2.899074350E1	-2.353387356E-2
2.903089450E1	-1.589916408E-2
2.907104550E1	-3.475701928E-2
2.911119750E1	-2.188612819E-2
2.915134850E1	-3.041546166E-2
2.919149950E1	-9.604636431E-3
2.923165050E1	-1.932153940E-2
2.927180250E1	-2.126223028E-2
2.931195350E1	1.346555293E-2
2.935210450E1	-4.086385131E-2
2.939225550E1	-1.643652320E-3
2.943240650E1	-2.603648186E-2
2.947255850E1	-1.691014767E-2
2.951270950E1	-1.840995848E-2
2.955286050E1	-2.259948850E-2
2.959301150E1	-1.779483140E-2
2.963316250E1	-2.124001086E-2
2.967331450E1	-4.877805769E-2
2.971346550E1	-1.510160387E-2
2.975361650E1	-2.961907089E-2
2.979376750E1	-2.814264894E-3
2.983391950E1	-4.727532327E-2
2.987407050E1	-2.797483385E-2
2.991422150E1	-2.826836407E-2
2.995437250E1	-2.273689806E-2
2.999452350E1	-3.620654404E-2
3.003467550E1	-9.850804210E-3
3.007482650E1	-2.481207490E-2
3.011497750E1	-2.376191497E-2
3.015512850E1	-3.841971517E-2
3.019527950E1	-6.242487431E-3
3.023543150E1	-2.885016203E-2
3.027558250E1	-2.525704801E-2
3.031573350E1	-2.241413176E-2
3.035588450E1	-2.212527931E-2
3.039603650E1	-1.988871932E-2
3.043618750E1	-3.725144148E-2
3.047633850E1	-3.665268660E-2
3.051648950E1	-2.556928933E-2
3.055664050E1	-2.318011701E-2
3.059679250E1	-1.523901343E-2
3.063694350E1	-1.643944681E-2
3.067709450E1	-2.077808082E-2
3.071724550E1	-1.165408552E-2
3.075739750E1	-1.704229474E-2
3.079754850E1	-1.958115578E-2
3.083769950E1	-2.781754375E-2
3.087785050E1	-3.575104594E-2
3.091800150E1	-6.858783960E-3
3.095815400E1	-2.168030620E-2
3.099830500E1	-2.557455182E-2
3.103845600E1	-2.123357892E-2
3.107860700E1	-2.828181267E-2
3.111875800E1	-2.049098253E-2
3.115891000E1	-1.659205914E-2
3.119906100E1	-1.733640969E-2
3.123921200E1	-2.076931000E-2
3.127936300E1	-3.574227512E-2
3.131951400E1	-1.838832378E-2
3.135966600E1	-2.631890237E-2
3.139981700E1	-1.778898418E-2
3.143996800E1	-2.676972270E-2
3.148011900E1	-3.141358137E-2
3.152027100E1	-3.321043074E-2
3.156042200E1	-2.782865345E-2
3.160057300E1	-1.615000963E-2
3.164072400E1	-2.542954087E-2
3.168087500E1	-2.243693590E-2
3.172102700E1	-4.234436631E-2
3.176117800E1	-7.627108097E-3
3.180132900E1	-2.977986932E-2
3.184148000E1	-3.052188098E-2
3.188163100E1	-2.154172719E-2
3.192178300E1	-2.154348135E-2
3.196193367E1	-4.953176379E-2
3.200208467E1	-2.721878886E-2
3.204223567E1	-6.559406519E-3
3.208238667E1	-3.724851787E-2
3.212253867E1	-1.523725927E-2
3.216268967E1	-2.302282691E-2
3.220284067E1	-3.170126438E-2
3.224299167E1	-1.942152679E-2
3.228314267E1	-1.059924781E-2
3.232329467E1	-1.388479829E-2
3.236344567E1	-4.306649745E-2
3.240359667E1	-1.731769860E-2
3.244374767E1	-7.732942700E-3
3.248389867E1	-4.730397463E-3
3.252405067E1	-2.733631790E-2
3.256420167E1	-3.736721635E-2
3.260435267E1	-2.568331003E-2
3.264450367E1	-1.311588943E-2
3.268465567E1	-1.295976877E-2
3.272480667E1	-3.765957713E-2
3.276495767E1	-3.661409497E-2
3.280510867E1	-1.250660956E-2
3.284525967E1	-4.213620543E-2
3.288541167E1	-2.462613344E-2
3.292556267E1	-3.360804141E-2
3.296571354E1	-2.013313293E-2
3.300586454E1	-2.417414367E-2
3.304601554E1	-3.674624205E-2
3.308616754E1	-4.033409357E-2
3.312631854E1	-3.689125299E-2
3.316646954E1	-4.048670590E-2
3.320662054E1	-4.302732110E-2
3.324677154E1	-2.026761889E-2
3.328692354E1	-4.811439872E-2
3.332707454E1	-2.251061082E-2
3.336722554E1	-2.190308511E-2
3.340737654E1	-3.613111496E-2
3.344752754E1	-1.771764815E-2
3.348767954E1	-3.253566206E-2
3.352783054E1	-3.328001261E-2
3.356798154E1	-2.475009441E-2
3.360813254E1	-6.638343930E-3
3.364828354E1	-3.104228318E-2
3.368843554E1	-1.906601608E-2
3.372858654E1	-8.733401299E-3
3.376873754E1	-3.268125772E-2
3.380888854E1	-5.258751869E-2
3.384903954E1	-2.519565225E-2
3.388919154E1	-2.235624433E-2
3.392934254E1	-1.531385779E-2
3.396949375E1	-1.067409217E-2
3.400964475E1	-3.088323891E-2
3.404979575E1	-2.071200728E-2
3.408994775E1	-2.640894949E-2
3.413009875E1	-2.282226741E-2
3.417024975E1	-1.190025330E-2
3.421040075E1	-1.115122497E-2
3.425055175E1	3.419685602E-2
3.429070375E1	-4.738232732E-2
3.433085475E1	-6.205065250E-2
3.437100575E1	-5.726236761E-2
3.441115675E1	-3.645388126E-2
3.445130775E1	-1.310483819E-1
3.449145975E1	2.642181337E-2
3.453161075E1	-5.006561458E-2
3.457176175E1	-1.907829523E-2
3.461191275E1	6.040466130E-2
3.465206375E1	4.213912904E-2
3.469221575E1	-9.391446948E-2
3.473236675E1	-7.519226968E-2
3.477251775E1	-8.422914147E-3
3.481266875E1	-4.509314239E-2
3.485281975E1	-2.862738311E-2
3.489297175E1	-3.102298737E-2
3.493312254E1	2.800231576E-3
3.497327354E1	-5.258342564E-2
3.501342454E1	-1.455196559E-2
3.505357554E1	-2.322806418E-2
3.509372654E1	-4.149359643E-2
3.513387854E1	-2.456532240E-2
3.517402954E1	-1.004376233E-2
3.521418054E1	-1.349011123E-2
3.525433154E1	-1.408535779E-2
3.529448254E1	-1.467651129E-2
3.533463454E1	-4.026685059E-2
3.537478554E1	-4.195961952E-3
3.541493654E1	-3.366768301E-2
3.545508754E1	-3.187083364E-2
3.549523854E1	-3.021431744E-2
3.553539054E1	-1.105708480E-2
3.557554154E1	-3.575455427E-2
3.561569254E1	-2.498164415E-2
3.565584354E1	-1.974136949E-2
3.569599454E1	-5.665367246E-3
3.573614654E1	-1.853625834E-2
3.577629754E1	-2.064067125E-2
3.581644854E1	-2.257843852E-2
3.585659954E1	-3.171237409E-2
3.589675054E1	2.717201114E-3
3.593690167E1	-3.260524392E-2
3.597705367E1	-8.056878448E-3
3.601720467E1	-3.021314800E-2
3.605735567E1	3.760344386E-3
3.609750667E1	-1.600382924E-2
3.613765767E1	-5.059595704E-2
3.617780967E1	-2.337190568E-2
3.621796067E1	-3.669712543E-2
3.625811167E1	5.060765147E-3
3.629826267E1	-9.016991258E-3
3.633841367E1	-3.864717185E-2
3.637856567E1	-2.593474030E-2
3.641871667E1	-4.659353793E-2
3.645886767E1	-1.833686829E-3
3.649901867E1	-3.790516019E-2
3.653916967E1	-1.979457915E-2
3.657932167E1	-3.369750381E-2
3.661947267E1	-4.896341443E-2
3.665962367E1	9.407585263E-3
3.669977467E1	-2.769767582E-2
3.673992567E1	-3.038388669E-2
3.678007767E1	-1.511095941E-2
3.682022867E1	-2.424080193E-2
3.686037967E1	-4.743319809E-2
3.690053067E1	-1.795270622E-2
3.694068237E1	-2.678726435E-2
3.698083338E1	-2.087455988E-3
3.702098538E1	-1.556645751E-2
3.706113638E1	-3.144223273E-2
3.710128738E1	-4.798809886E-3
3.714143837E1	-1.752352059E-2
3.718158938E1	-3.399220347E-2
3.722174137E1	-2.201710582E-2
3.726189238E1	-9.152061939E-3
3.730204338E1	-1.021040797E-2
3.734219437E1	-1.141201079E-2
3.738234538E1	-2.249306917E-2
3.742249737E1	-1.755801916E-2
3.746264838E1	-2.384143710E-2
3.750279938E1	-3.251695096E-2
3.754295038E1	-1.649382591E-2
3.758310138E1	-2.068686426E-2
3.762325237E1	-2.816311419E-2
3.766340438E1	-1.543664932E-2
3.770355537E1	-1.618860126E-2
3.774370638E1	-1.948175311E-2
3.778385738E1	-7.514256835E-3
3.782400837E1	-1.859005272E-2
3.786415938E1	-1.994777620E-2
3.790431137E1	-2.173643947E-2
3.794446179E1	-3.326714873E-2
3.798461279E1	-2.174521029E-2
3.802476379E1	-4.060657382E-2
3.806491479E1	-2.219720006E-2
3.810506679E1	-2.774445355E-2
3.814521779E1	-2.760002732E-2
3.818536879E1	-6.796218753E-3
3.822551979E1	-2.925478935E-2
3.826567079E1	-3.270055354E-2
3.830582279E1	-1.998344421E-2
3.834597379E1	-7.553433180E-3
3.838612479E1	-3.659421444E-2
3.842627579E1	-1.862805963E-2
3.846642679E1	-1.609095275E-2
3.850657779E1	-9.060845375E-3
3.854672979E1	-8.459166884E-3
3.858688079E1	-4.118778706E-3
3.862703179E1	-4.977325380E-2
3.866718279E1	-2.568155587E-2
3.870733379E1	-1.221190989E-2
3.874748579E1	-1.610089302E-2
3.878763679E1	-3.091130555E-2
3.882778779E1	-7.413100004E-3
3.886793879E1	-3.226435125E-2
3.890808979E1	-1.475369453E-2
3.894824092E1	-3.182347119E-2
3.898839292E1	-2.464016676E-2
3.902854392E1	-2.464192092E-2
3.906869492E1	-2.628031075E-2
3.910884592E1	-2.088333070E-2
3.914899692E1	-2.252172053E-2
3.918914892E1	-2.296377003E-2
3.922929992E1	-2.475886524E-2
3.926945092E1	-4.697068334E-3
3.930960192E1	-1.936130047E-2
3.934975292E1	-2.085994184E-2
3.938990392E1	-1.217916548E-2
3.943005592E1	-7.991389632E-3
3.947020692E1	-2.131543994E-2
3.951035792E1	-1.727442920E-2
3.955050892E1	-1.219085991E-2
3.959065992E1	-2.072019339E-2
3.963081192E1	-1.039167166E-2
3.967096292E1	-2.461385429E-2
3.971111392E1	-1.174354792E-2
3.975126492E1	-1.699142396E-2
3.979141592E1	-2.403439522E-2
3.983156692E1	-3.242164135E-2
3.987171892E1	-2.598502636E-2
3.991186992E1	-2.464601398E-2
3.995202104E1	-3.287304640E-2
3.999217204E1	-2.613646924E-2
4.003232304E1	-3.796070874E-2
4.007247404E1	3.207782507E-3
4.011262604E1	-3.828172088E-3
4.015277704E1	7.101443410E-3
4.019292804E1	-4.080187082E-2
4.023307904E1	-3.286427557E-2
4.027323004E1	-1.924435616E-2
4.031338204E1	-1.804216862E-2
4.035353304E1	-1.324745178E-2
4.039368404E1	-1.923500061E-2
4.043383504E1	-2.656916320E-2
4.047398604E1	-2.821866274E-2
4.051413704E1	-2.583065987E-2
4.055428904E1	-1.893796206E-2
4.059444004E1	-1.624765813E-2
4.063459104E1	-1.874032617E-3
4.067474204E1	-2.492901921E-2
4.071489304E1	-4.138776183E-2
4.075504404E1	-6.024561703E-2
4.079519604E1	-7.086766899E-2
4.083534704E1	-8.448115647E-2
4.087549804E1	-1.178623259E-1
4.091564904E1	-1.299882817E-1
4.095580004E1	-1.632156694E-1
4.099595104E1	-1.641097087E-1
4.103610304E1	-1.931528288E-1
4.107625404E1	-1.952449626E-1
4.111640504E1	-2.197921586E-1
4.115655604E1	-4.185741019E-1
4.119670704E1	-3.088493460E-1
4.123685804E1	-2.022680533E-1
4.127701004E1	-2.516659158E-1
4.131716104E1	-2.157412076E-1
4.135731204E1	-2.826497269E-1
4.139746304E1	-3.751591104E-1
4.143761404E1	-3.657333988E-1
4.147776604E1	-4.082420719E-1
4.151791704E1	-4.793477225E-1
4.155806804E1	-5.359271353E-1
4.159821904E1	-5.416270012E-1
4.163837004E1	-5.706619352E-1
4.167852104E1	-5.883164334E-1
4.171867304E1	-6.257438761E-1
4.175882404E1	-6.589724332E-1
4.179897504E1	-6.978967631E-1
4.183912604E1	-6.953567326E-1
4.187927704E1	-7.441570097E-1
4.191942804E1	-7.221591997E-1
4.195958004E1	-7.434337091E-1
4.199973104E1	-7.718774897E-1
4.203988204E1	-7.530091095E-1
4.208003304E1	-7.655753607E-1
4.212018404E1	-7.604812664E-1
4.216033504E1	-7.021108514E-1
4.220048704E1	-7.753127289E-1
4.224063804E1	-7.413421601E-1
4.228078904E1	-7.399949616E-1
4.232094004E1	-7.528664374E-1
4.236109104E1	-6.766696161E-1
4.240124204E1	-6.428347027E-1
4.244139304E1	-6.057189167E-1
4.248154504E1	-5.563222235E-1
4.252169604E1	-6.287692255E-1
4.256184704E1	-5.319182843E-1
4.260199804E1	-4.533200115E-1
4.264214904E1	-5.280076665E-1
4.268230104E1	-4.917818266E-1
4.272245204E1	-4.295054716E-1
4.276260304E1	-4.106417692E-1
4.280275404E1	-3.636389261E-1
4.284290504E1	-3.803982157E-1
4.288305604E1	-2.747127163E-1
4.292320704E1	-2.272578835E-1
4.296335925E1	-2.178146303E-1
4.300351025E1	-2.070364577E-1
4.304366125E1	-1.627297658E-1
4.308381225E1	-1.417698365E-1
4.312396325E1	-1.467130727E-1
4.316411425E1	-1.610802662E-1
4.320426625E1	-1.082337159E-1
4.324441725E1	8.156515002E-2
4.328456825E1	-4.029082417E-2
4.332471925E1	-6.588876486E-2
4.336487025E1	5.731148422E-2
4.340502125E1	9.204043686E-2
4.344517325E1	-2.680480599E-2
4.348532425E1	1.361290276E-2
4.352547525E1	1.276774621E-1
4.356562625E1	5.942232907E-2
4.360577725E1	4.400789917E-2
4.364592825E1	4.356935799E-2
4.368608025E1	1.107813478E-1
4.372623125E1	1.071981740E-1
4.376638225E1	6.393988788E-2
4.380653325E1	9.478453517E-2
4.384668425E1	1.302619314E-1
4.388683525E1	5.047901273E-2
4.392698625E1	7.277736962E-2
4.396713738E1	-2.122013032E-2
4.400728837E1	1.066415191E-2
4.404743938E1	6.754235744E-2
4.408759038E1	4.838220119E-2
4.412774138E1	8.743692398E-2
4.416789238E1	8.803860247E-2
4.420804438E1	2.007524550E-2
4.424819538E1	-6.060989857E-2
4.428834637E1	-1.524135232E-2
4.432849738E1	1.813163102E-2
4.436864838E1	6.857263684E-2
4.440879937E1	7.919878185E-2
4.444895138E1	1.693236709E-2
4.448910237E1	-6.583906353E-2
4.452925338E1	-5.968837738E-3
4.456940438E1	-9.857236147E-3
4.460955538E1	3.007807732E-3
4.464970638E1	-2.513425648E-2
4.468985737E1	-3.322212517E-2
4.473000938E1	4.085800409E-2
4.477016037E1	6.580456495E-3
4.481031138E1	-5.568303466E-2
4.485046238E1	-1.233440906E-1
4.489061337E1	-6.438369155E-3
4.493076438E1	3.140539527E-3
4.497091687E1	1.570971429E-2
4.501106788E1	-1.193095118E-1
4.505121888E1	-1.023935169E-1
4.509136988E1	1.884674549E-2
4.513152088E1	7.123604357E-2
4.517167187E1	-6.946550667E-2
4.521182288E1	-5.539652109E-2
4.525197487E1	-6.033741832E-2
4.529212588E1	8.672005534E-3
4.533227688E1	-2.859522343E-2
4.537242788E1	-7.468823969E-2
4.541257888E1	-1.486286205E-1
4.545272987E1	6.452987194E-2
4.549288188E1	9.236144900E-2
4.553303288E1	-1.145071936E-1
4.557318388E1	-1.390514660E-1
4.561333488E1	-9.098969221E-2
4.565348587E1	3.968973041E-2
4.569363688E1	6.123438120E-2
4.573378788E1	-6.704943717E-2
4.577393988E1	-1.252748412E-1
4.581409088E1	-6.405507803E-2
4.585424188E1	3.968212903E-2
4.589439288E1	5.854875505E-2
4.593454387E1	1.558926165E-2
4.597469529E1	-1.129974425E-1
4.601484729E1	-1.150960082E-1
4.605499829E1	-4.251393557E-2
4.609514929E1	7.813283443E-2
4.613530029E1	-4.549952388E-2
4.617545129E1	-9.504356682E-2
4.621560229E1	-1.010369629E-1
4.625575329E1	-4.475751221E-2
4.629590529E1	1.020801061E-1
4.633605629E1	-1.344274879E-3
4.637620729E1	-8.741002679E-2
4.641635829E1	-7.005607545E-2
4.645650929E1	1.940690875E-3
4.649666029E1	7.723587155E-2
4.653681129E1	1.002996290E-1
4.657696329E1	-8.860285878E-2
4.661711429E1	-1.315565050E-1
4.665726529E1	-2.917468250E-2
4.669741629E1	6.991515756E-2
4.673756729E1	5.240274668E-3
4.677771829E1	-1.257338476E-1
4.681787029E1	-1.062661278E-1
4.685802129E1	-8.216507435E-3
4.689817229E1	9.599958658E-3
4.693832329E1	1.947298229E-2
4.697847363E1	-1.097101378E-1
4.701862462E1	-1.070250964E-1
4.705877563E1	6.794990838E-2
4.709892762E1	4.954404294E-2
4.713907863E1	1.138043582E-2
4.717922963E1	-1.245234740E-1
4.721938062E1	-3.844368875E-2
4.725953163E1	5.645135880E-2
4.729968262E1	1.377130383E-1
4.733983363E1	-2.844728887E-2
4.737998563E1	-2.125492126E-1
4.742013663E1	-1.068678063E-1
4.746028763E1	1.452916145E-2
4.750043862E1	1.350133789E-1
4.754058963E1	-8.975476027E-4
4.758074063E1	-1.281171727E-1
4.762089163E1	-1.080542064E-1
4.766104363E1	1.143873256E-1
4.770119462E1	1.022654629E-1
4.774134563E1	-3.963593602E-2
4.778149662E1	-1.221056503E-1
4.782164763E1	-7.075832605E-2
4.786179863E1	-4.592403173E-3
4.790194962E1	8.192124546E-2
4.794210163E1	-2.645982027E-2
4.798225304E1	-1.315284383E-1
4.802240404E1	-1.035325545E-1
4.806255504E1	4.541415453E-2
4.810270604E1	6.008131027E-2
4.814285704E1	1.352285564E-2
4.818300804E1	-1.193931270E-1
4.822315904E1	-6.056545973E-2
4.826331104E1	3.149310350E-2
4.830346204E1	6.098938286E-2
4.834361304E1	-6.067655683E-3
4.838376404E1	-9.797126770E-2
4.842391504E1	-5.470421076E-2
4.846406604E1	3.016987860E-2
4.850421704E1	5.412182808E-2
4.854436904E1	-5.110115647E-2
4.858452004E1	-1.379176909E-1
4.862467104E1	-3.597908735E-2
4.866482204E1	4.828806102E-2
4.870497304E1	4.723497748E-2
4.874512404E1	-7.400996268E-2
4.878527504E1	-9.572067440E-2
4.882542704E1	1.220781684E-2
4.886557804E1	5.981058419E-2
4.890572904E1	4.888506174E-2
4.894588004E1	-9.511373341E-2
4.898603125E1	-1.153228801E-1
4.902618225E1	-1.157397866E-2
4.906633325E1	1.203064620E-1
4.910648425E1	-2.787893951E-2
4.914663625E1	-1.100633097E-1
4.918678725E1	-5.992869794E-2
4.922693825E1	-5.112279117E-2
4.926708925E1	4.705780685E-2
4.930724025E1	-3.227487624E-2
4.934739125E1	-3.092650831E-2
4.938754225E1	-1.205052674E-2
4.942769425E1	-4.242798150E-2
4.946784525E1	-2.729831100E-2
4.950799625E1	1.193960506E-1
4.954814725E1	-1.220372379E-2
4.958829825E1	-1.000879598E-1
4.962844925E1	-7.507824898E-2
4.966860025E1	-2.071785450E-2
4.970875125E1	1.225354207E-1
4.974890325E1	-3.237837195E-2
4.978905425E1	-1.646920913E-1
4.982920525E1	-1.079682523E-1
4.986935625E1	4.485866904E-2
4.990950725E1	1.208923531E-1
4.994965750E1	-7.129860878E-2
4.998980850E1	-1.459728152E-1
5.002995950E1	3.397407711E-2
5.007011150E1	2.979214847E-2
5.011026250E1	5.180282235E-2
5.015041350E1	2.565173507E-3
5.019056450E1	-9.892144024E-2
5.023071550E1	-9.802155375E-2
5.027086650E1	5.929369032E-2
5.031101750E1	1.025607473E-1
5.035116850E1	-3.081833482E-2
5.039132050E1	-8.439344823E-2
5.043147150E1	-9.635919034E-2
5.047162250E1	1.815385044E-2
5.051177350E1	7.457246482E-2
5.055192450E1	-6.583672464E-2
5.059207550E1	-9.426764131E-2
5.063222650E1	-6.401063919E-2
5.067237750E1	7.684235394E-2
5.071252950E1	7.325625658E-2
5.075268050E1	-1.632349652E-1
5.079283150E1	-1.249193305E-1
5.083298250E1	-4.268467426E-3
5.087313350E1	2.312456846E-2
5.091328450E1	9.660769701E-3
5.095343575E1	-1.515399492E-1
5.099358675E1	-9.239594758E-2
5.103373875E1	1.328890854E-1
5.107388975E1	5.265300751E-2
5.111404075E1	7.165821254E-2
5.115419175E1	3.184686005E-2
5.119434275E1	9.635685146E-2
5.123449375E1	7.240607142E-2
5.127464475E1	1.273488486E-1
5.131479575E1	3.034003258E-2
5.135494775E1	-1.376165593E-1
5.139509875E1	-1.304203910E-1
5.143524975E1	-4.720632613E-2
5.147540075E1	1.940047681E-2
5.151555175E1	2.165516317E-2
5.155570275E1	-6.276986003E-2
5.159585375E1	1.181997102E-1
5.163600575E1	3.317885578E-2
5.167615675E1	4.799219191E-2
5.171630775E1	-1.358267266E-1
5.175645875E1	-3.404365897E-2
5.179660975E1	8.077636063E-2
5.183676075E1	-3.972130537E-2
5.187691175E1	-5.725593567E-2
5.191706275E1	-8.135757387E-2
5.195721475E1	9.370163083E-3
5.199736575E1	-3.224447072E-2
5.203751675E1	1.313594538E-1
5.207766775E1	-4.393480897E-2
5.211781875E1	-8.870343089E-2
5.215796975E1	-7.747326851E-2
5.219812075E1	2.012026906E-2
5.223827175E1	3.044235885E-2
5.227842375E1	-5.383472979E-2
5.231857475E1	-8.121841013E-2
5.235872575E1	-5.366691470E-2
5.239887675E1	1.412102580E-3
5.243902775E1	-3.082652092E-3
5.247917875E1	4.751038134E-2
5.251932975E1	-9.395539999E-2
5.255948075E1	-8.482204914E-2
5.259963275E1	-4.411782682E-2
5.263978375E1	2.847710967E-2
5.267993475E1	1.455371976E-2
5.272008575E1	-8.633355439E-2
5.276023675E1	-5.818564296E-2
5.280038775E1	-9.990552664E-3
5.284053875E1	5.571753323E-2
5.288069075E1	-5.087311506E-2
5.292084175E1	-8.216741323E-2
5.296099292E1	-7.914206386E-3
5.300114392E1	-5.955389142E-2
5.304129492E1	3.250233293E-2
5.308144592E1	7.830064952E-2
5.312159692E1	-2.783040762E-2
5.316174792E1	-1.140598816E-1
5.320189992E1	-4.446398199E-2
5.324205092E1	5.104209960E-2
5.328220192E1	-4.505221188E-2
5.332235292E1	-5.538950443E-2
5.336250392E1	-1.721946537E-2
5.340265492E1	3.157671869E-2
5.344280592E1	-4.940838754E-2
5.348295792E1	-1.251532191E-1
5.352310892E1	-2.103828192E-3
5.356325992E1	2.499918580E-2
5.360341092E1	-6.825454831E-2
5.364356192E1	-9.729591429E-2
5.368371292E1	-1.543489516E-2
5.372386392E1	6.015440047E-2
5.376401592E1	1.375440538E-2
5.380416692E1	-9.058564961E-2
5.384431792E1	-1.390830410E-1
5.388446892E1	-8.855023384E-3
5.392461992E1	1.043119884E-1
5.396477075E1	-6.272776008E-2
5.400492175E1	-1.242469007E-1
5.404507275E1	-1.121232837E-1
5.408522475E1	3.262804806E-2
5.412537575E1	1.065631664E-1
5.416552675E1	-3.384309947E-2
5.420567775E1	-1.573362941E-1
5.424582875E1	-8.393678069E-3
5.428597975E1	1.049230224E-1
5.432613075E1	-3.053182125E-2
5.436628175E1	-8.081085920E-2
5.440643375E1	-1.897596896E-2
5.444658475E1	-3.917400599E-2
5.448673575E1	-3.662988245E-2
5.452688675E1	-4.097260952E-2
5.456703775E1	-1.066736788E-1
5.460718875E1	-5.548013628E-2
5.464733975E1	3.148199379E-2
5.468749175E1	9.030089021E-2
5.472764275E1	1.375849843E-3
5.476779375E1	-8.978691995E-2
5.480794475E1	-6.449069560E-2
5.484809575E1	1.441104770E-2
5.488824675E1	4.763668120E-2
5.492839775E1	7.966246605E-3
5.496854842E1	-7.016132534E-2
5.500870042E1	-4.152692556E-3
5.504885142E1	-3.155216038E-2
5.508900242E1	2.832391262E-2
5.512915342E1	-6.746985197E-2
5.516930442E1	-1.737570298E-1
5.520945542E1	-3.604282200E-2
5.524960642E1	6.275231838E-2
5.528975842E1	5.780966699E-2
5.532990942E1	-1.480035532E-1
5.537006042E1	-1.680571640E-1
5.541021142E1	3.461727083E-2
5.545036242E1	3.251928985E-2
5.549051342E1	-4.772731304E-2
5.553066442E1	-3.262570918E-2
5.557081542E1	-3.906349361E-2
5.561096742E1	-1.092142940E-2
5.565111842E1	-2.034538686E-2
5.569126942E1	4.237594128E-2
5.573142042E1	-1.028525233E-3
5.577157142E1	-9.158669293E-2
5.581172242E1	4.057382941E-3
5.585187342E1	1.089681262E-1
5.589202542E1	-3.369399548E-2
5.593217642E1	-1.413055676E-1
5.597232813E1	1.241597772E-2
5.601247912E1	4.204674304E-2
5.605263013E1	-3.728477061E-2
5.609278113E1	-7.261832535E-2
5.613293213E1	-3.310693502E-3
5.617308413E1	-1.363453746E-2
5.621323513E1	-1.210858959E-1
5.625338613E1	-1.613580090E-1
5.629353712E1	8.217559934E-2
5.633368813E1	7.679323733E-2
5.637383913E1	-1.448788011E-1
5.641399013E1	-2.524997288E-1
5.645414213E1	-6.119111180E-3
5.649429312E1	9.625569463E-2
5.653444413E1	2.052080333E-2
5.657459513E1	-1.531134349E-1
5.661474613E1	-2.155435717E-1
5.665489713E1	7.095654666E-2
5.669504812E1	1.297859681E-1
5.673520013E1	1.887773573E-2
5.677535112E1	-1.313939524E-1
5.681550213E1	-1.225658262E-1
5.685565313E1	-2.168790758E-2
5.689580413E1	9.881677508E-2
5.693595513E1	4.687888205E-2
5.697610629E1	-1.373791623E-1
5.701625729E1	-1.598248690E-1
5.705640829E1	5.276527405E-3
5.709655929E1	-1.688266575E-2
5.713671029E1	4.239231348E-3
5.717686129E1	-7.343342721E-2
5.721701229E1	-8.645225286E-2
5.725716429E1	5.322720408E-3
5.729731529E1	1.132722616E-2
5.733746629E1	-1.003329581E-1
5.737761729E1	-1.470270681E-1
5.741776829E1	3.034529507E-2
5.745791929E1	2.240653038E-2
5.749807029E1	-1.546413124E-2
5.753822229E1	-6.215590239E-2
5.757837329E1	-7.621553242E-2
5.761852429E1	-2.891448140E-2
5.765867529E1	2.810756564E-3
5.769882629E1	-4.029725611E-2
5.773897729E1	1.943146706E-2
5.777912829E1	5.803536952E-2
5.781928029E1	-2.562834620E-2
5.785943129E1	-1.007767618E-1
5.789958229E1	-1.051124722E-1
5.793973329E1	-1.093429327E-3
5.797988450E1	7.285338342E-2
5.802003550E1	7.630324066E-2
5.806018750E1	1.043377161E-2
5.810033850E1	-1.338538760E-1
5.814048950E1	-1.902713209E-1
5.818064050E1	-6.904976964E-3
5.822079150E1	8.231417835E-2
5.826094250E1	7.004905879E-2
5.830109350E1	-7.363924921E-2
5.834124550E1	-1.694382763E-1
5.838139650E1	-9.638433337E-2
5.842154750E1	4.416051149E-2
5.846169850E1	1.055264550E-1
5.850184950E1	-4.461425543E-4
5.854200050E1	-5.747345209E-2
5.858215250E1	-9.802973986E-2
5.862230350E1	-1.045774519E-2
5.866245450E1	8.387246132E-3
5.870260550E1	2.411684096E-2
5.874275650E1	3.085400283E-2
5.878290750E1	-2.573827386E-2
5.882305850E1	4.525744915E-4
5.886321050E1	-7.168101668E-3
5.890336150E1	-1.659322858E-2
5.894351250E1	1.722706676E-2
5.898366525E1	1.827371836E-2
5.902381625E1	7.694935799E-4
5.906396725E1	-5.656011701E-3
5.910411925E1	1.546471596E-2
5.914427025E1	-5.202910960E-2
5.918442125E1	6.247983813E-2
5.922457225E1	1.159795225E-2
5.926472325E1	2.158792019E-3
5.930487425E1	-5.562865555E-2
5.934502525E1	-1.074127668E-1
5.938517725E1	-1.595178902E-2
5.942532825E1	6.111977577E-2
5.946547925E1	6.139284074E-2
5.950563025E1	2.786256731E-2
5.954578125E1	3.758882582E-2
5.958593225E1	2.202353776E-2
5.962608425E1	5.569355965E-2
5.966623525E1	7.230900764E-2
5.970638625E1	5.766641021E-2
5.974653725E1	-1.805620193E-2
5.978668825E1	8.939574122E-2
5.982683925E1	2.054132706E-1
5.986699025E1	2.108254534E-1
5.990714225E1	2.633632708E-1
5.994729325E1	2.314941913E-1
5.998744292E1	3.644154364E-1
6.002759392E1	4.374793196E-1
6.006774492E1	5.120295650E-1
6.010789592E1	5.624822652E-1
6.014804792E1	5.208530134E-1
6.018819892E1	6.212836200E-1
6.022834992E1	6.013644952E-1
6.026850092E1	4.909006512E-1
6.030865192E1	6.095985442E-1
6.034880292E1	6.527135736E-1
6.038895392E1	6.574954265E-1
6.042910592E1	6.589946526E-1
6.046925692E1	6.889364898E-1
6.050940792E1	7.128796685E-1
6.054955892E1	6.817414910E-1
6.058970992E1	6.628719413E-1
6.062986092E1	7.059846318E-1
6.067001292E1	7.416041154E-1
6.071016392E1	7.444464469E-1
6.075031492E1	6.990866715E-1
6.079046592E1	6.679578495E-1
6.083061692E1	6.738109124E-1
6.087076792E1	6.910221916E-1
6.091091892E1	6.456630009E-1
6.095107092E1	5.350401127E-1
6.099122150E1	5.438641459E-1
6.103137250E1	4.453730607E-1
6.107152350E1	3.838515812E-1
6.111167450E1	4.616879618E-1
6.115182550E1	5.420637882E-1
6.119197750E1	3.562977469E-1
6.123212850E1	1.085699308E-1
6.127227950E1	1.871553397E-1
6.131243050E1	2.968847734E-1
6.135258150E1	3.552563578E-1
6.139273250E1	5.010572648E-1
6.143288350E1	4.856387419E-1
6.147303550E1	3.380556035E-1
6.151318650E1	2.457005864E-1
6.155333750E1	1.617369086E-1
6.159348850E1	1.466195172E-1
6.163363950E1	1.213256317E-1
6.167379050E1	7.118634224E-2
6.171394250E1	9.362386286E-2
6.175409350E1	5.873937428E-2
6.179424450E1	-2.134584546E-2
6.183439550E1	-2.419110060E-2
6.187454650E1	-3.302215040E-2
6.191469750E1	-6.624719918E-2
6.195484850E1	-1.998753726E-2
6.199500063E1	1.204701841E-2
6.203515162E1	-4.277822971E-3
6.207530263E1	-2.644754112E-2
6.211545363E1	-1.882569551E-2
6.215560463E1	-2.766785502E-2
6.219575563E1	-6.465032458E-2
6.223590762E1	-8.920570672E-2
6.227605863E1	-1.690605462E-2
6.231620962E1	-3.621414542E-2
6.235636063E1	-3.890678823E-2
6.239651163E1	1.065947413E-3
6.243666262E1	-4.698237777E-2
6.247681363E1	-2.601777077E-2
6.251696562E1	-1.972090423E-2
6.255711663E1	-3.154631317E-2
6.259726763E1	-1.239200413E-2
6.263741863E1	-2.107336521E-2
6.267756963E1	-2.122363865E-2
6.271772062E1	6.285756826E-4
6.275787263E1	-2.645865083E-2
6.279802363E1	-3.079845428E-2
6.283817463E1	-7.300833464E-3
6.287832563E1	-3.094112635E-2
6.291847662E1	-5.399026573E-2
6.295862763E1	-1.956712246E-2
6.299877912E1	-1.912331879E-2
6.303893113E1	-2.375840664E-2
6.307908213E1	-3.469328463E-2
6.311923313E1	-4.037911713E-2
6.315938413E1	-4.487387180E-2
6.319953512E1	-1.778898418E-2
6.323968613E1	-1.194527686E-2
6.327983812E1	-4.083227634E-2
6.331998913E1	-2.766434669E-2
6.336014013E1	-6.550050974E-3
6.340029112E1	-6.091629267E-3
6.344044213E1	-5.190573335E-3
6.348059312E1	1.547173262E-3
6.352074413E1	-3.886936605E-2
6.356089613E1	5.280620456E-3
6.360104713E1	-2.376016080E-2
6.364119813E1	-2.555408657E-2
6.368134912E1	-4.173976421E-2
6.372150013E1	-6.763708234E-2
6.376165113E1	-3.097504020E-2
6.380180213E1	-1.225927234E-2
6.384195413E1	-3.905179918E-2
6.388210512E1	1.379475117E-2
6.392225613E1	-3.022074938E-2
6.396240713E1	-3.120658994E-3
6.400255750E1	-4.398801863E-2
6.404270850E1	-2.528043687E-2
6.408286050E1	-2.558449209E-2
6.412301150E1	-2.319415033E-2
6.416316250E1	-2.843208611E-2
6.420331350E1	-1.601844728E-2
6.424346450E1	-3.220412493E-2
6.428361550E1	-2.547514915E-2
6.432376650E1	-7.361644506E-3
6.436391850E1	-3.252338290E-2
6.440406950E1	-3.686610997E-2
6.444422050E1	-1.785622716E-2
6.448437150E1	-2.640427172E-2
6.452452250E1	-4.931775570E-2
6.456467350E1	-2.133415103E-2
6.460482450E1	-2.688081980E-2
6.464497650E1	-1.401577592E-2
6.468512750E1	-2.360462487E-2
6.472527850E1	-3.409043670E-2
6.476542950E1	-3.034938812E-2
6.480558050E1	-3.019677579E-2
6.484573150E1	-2.766083837E-2
6.488588250E1	-9.108207822E-3
6.492603450E1	-5.075967908E-3
6.496618625E1	-2.334617794E-2
6.500633725E1	-1.602546394E-2
6.504648825E1	-1.722297370E-2
6.508663925E1	-2.485768318E-2
6.512679025E1	-3.429158092E-2
6.516694125E1	-1.071537352E-1
6.520709325E1	7.011688650E-2
6.524724425E1	-2.029393137E-1