"Time (s)"	"Linear Acceleration x (m/s^2)"	"Linear Acceleration y (m/s^2)"	"Linear Acceleration z (m/s^2)"	"Absolute acceleration (m/s^2)"
8.130208356E-3	-2.589148553E-1	1.716420919E-1	-1.334551836E0	1.370228635E0
1.817120839E-2	-4.629743493E-1	1.636530411E-1	-1.311221738E0	1.400153567E0
2.821220836E-2	-4.644475552E-1	3.244912326E-2	-1.083553964E0	1.179344594E0
3.825420834E-2	-3.077988937E-1	-9.812212586E-2	-7.167698210E-1	7.862105869E-1
4.829520837E-2	-1.348591585E-1	-1.628753614E-1	-3.114653903E-1	3.764652247E-1
5.833620834E-2	1.525193578E-1	-2.002548569E-1	-4.014055073E-2	2.549027776E-1
6.837720837E-2	4.442442557E-1	-1.111105460E-1	1.451892883E-1	4.803940483E-1
7.841820834E-2	5.703663585E-1	-1.732354581E-2	2.224672598E-1	6.124618925E-1
8.845920837E-2	5.323058085E-1	3.133522868E-3	2.111537746E-1	5.726650061E-1
9.850020835E-2	3.178666297E-1	-3.487279415E-2	1.404270235E-1	3.492492734E-1
1.085412084E-1	9.007781893E-3	-1.112292445E-1	5.505387425E-2	1.244347782E-1
1.185832084E-1	-1.549987234E-1	-1.712047201E-1	-4.950311244E-2	2.361910638E-1
1.286242084E-1	-1.002908581E-1	-1.260209459E-1	-9.921146214E-2	1.891624943E-1
1.386652084E-1	-5.158267468E-3	-1.461745441E-2	-6.533737242E-2	6.715094885E-2
1.487062084E-1	4.203387916E-2	4.156961024E-2	-6.476142168E-2	8.768649400E-2
1.587472084E-1	2.724144682E-2	2.688491285E-2	-3.805806488E-2	5.397509857E-2
1.687882083E-1	6.207842678E-2	2.652998686E-2	7.653654456E-2	1.020559353E-1
1.788292084E-1	4.305231795E-2	-1.947824478E-2	2.086476579E-1	2.139316462E-1
1.888702083E-1	4.808750153E-2	-6.700733721E-2	2.275098985E-1	2.419982334E-1
1.989112084E-1	4.954375058E-2	-4.054810166E-2	2.427392641E-1	2.510400010E-1
2.089532083E-1	-3.574929178E-2	-2.228666246E-2	3.081944579E-1	3.110603335E-1
2.189942084E-1	-3.561290547E-2	-1.099861264E-2	3.769314015E-1	3.787697585E-1
2.290352084E-1	1.755772680E-2	1.388596773E-2	3.833504748E-1	3.840034901E-1
2.390762084E-1	-2.581545711E-2	3.524058402E-2	3.053684986E-1	3.084773193E-1
2.491172084E-1	-8.572851375E-2	9.076457441E-2	1.404287776E-1	1.879037722E-1
2.591582084E-1	-2.295577396E-1	9.021902919E-2	-2.826456338E-2	2.482642032E-1
2.691992084E-1	-2.733010523E-1	4.201399863E-2	-1.487666148E-1	3.139906797E-1
2.792402084E-1	-1.800153047E-1	-1.084108865E-1	-2.483093217E-1	3.252936358E-1
2.892822084E-1	-6.713904575E-2	-2.262276042E-1	-2.348937625E-1	3.329589464E-1
2.993232083E-1	9.590223044E-2	-1.829354042E-1	-1.180608389E-1	2.379095660E-1
3.093642084E-1	1.806238537E-1	-5.631336451E-2	1.153453919E-1	2.215868475E-1
3.194052083E-1	2.260059947E-1	5.809325695E-2	2.634024471E-1	3.519011016E-1
3.294462084E-1	2.876312622E-1	7.955721617E-2	2.391388410E-1	3.824244748E-1
3.394872083E-1	2.596542357E-1	4.740162313E-2	1.172138697E-1	2.888015361E-1
3.495282084E-1	1.244229019E-1	7.113956451E-2	-4.463764429E-2	1.501146743E-1
3.595692083E-1	3.242675766E-2	1.812040436E-1	-1.601099208E-1	2.439704629E-1
3.696102084E-1	-4.054634750E-2	3.917225182E-1	-3.601379058E-1	5.336570516E-1
3.796522084E-1	-6.678806663E-2	6.867010993E-1	-5.929266706E-1	9.097148357E-1
3.896932084E-1	-1.941092871E-1	9.420992929E-1	-7.909397051E-1	1.245317273E0
3.997342084E-1	-2.938104536E-1	9.825994474E-1	-8.640398410E-1	1.341041052E0
4.097752084E-1	-5.562565885E-1	5.597983932E-1	-8.338269854E-1	1.148069281E0
4.198162084E-1	-6.831505238E-1	7.509929895E-1	-6.740576649E-1	1.218621698E0
4.298572083E-1	-6.048172760E-1	4.786904955E-1	-3.842369127E-1	8.617346070E-1
4.398982084E-1	-4.024515742E-1	-5.114430892E-1	-3.341204274E-1	7.315584482E-1
4.499392083E-1	-1.880815387E-2	-9.915848637E-1	-6.566119123E-1	1.189425698E0
4.599812084E-1	-1.276271760E-2	-5.852478147E-1	-8.916389912E-1	1.066629262E0
4.700222083E-1	-3.631119458E-1	-2.690023255E-1	-1.058363282E0	1.150802057E0
4.800632084E-1	-8.763986622E-1	-3.255887550E-1	-1.012169402E0	1.377885899E0
4.901042084E-1	-1.034705886E0	-5.744023991E-1	-5.577483594E-1	1.308295693E0
5.001452084E-1	-6.983962615E-1	-8.663515377E-1	4.491620564E-1	1.200028699E0
5.101862084E-1	-4.511245282E-1	-9.452684838E-1	2.028238604E0	2.282717170E0
5.202272084E-1	-2.275340183E-1	-8.440596128E-1	3.858222683E0	3.956019544E0
5.302682084E-1	3.356620458E-1	-9.225877190E-1	4.773527110E0	4.873438025E0
5.403102083E-1	5.133932818E-1	-8.744791675E-1	5.422739371E0	5.516737148E0
5.503512084E-1	5.336528608E-1	-1.060836947E0	4.400082988E0	4.557509266E0
5.603922083E-1	1.874498932E-1	-1.363547301E0	2.695407372E0	3.026486346E0
5.704332084E-1	2.952383436E-2	-1.491213069E0	8.985644335E-1	1.741265665E0
5.804742083E-1	-7.724782911E-1	-1.736079842E0	-7.963863865E-1	2.060322112E0
5.905152084E-1	-1.320631370E0	-1.767030324E0	-2.266083748E0	3.162530464E0
6.005562083E-1	-2.377576995E0	-1.106297294E0	-2.148942969E0	3.390386697E0
6.105972084E-1	-2.532312155E0	-2.745332068E-1	-1.271177081E0	2.846728737E0
6.206392084E-1	-1.187869169E0	2.428991854E-1	-1.880607811E-1	1.226947445E0
6.306802084E-1	5.439880338E-1	7.898155779E-1	2.429488868E-1	9.893208729E-1
6.407212084E-1	2.055482097E0	1.744189931E0	-9.708880591E-1	2.865279880E0
6.507622084E-1	3.210102390E0	3.008486593E0	-2.621471668E0	5.121314543E0
6.608032084E-1	3.484844635E0	3.866788269E0	-3.633058687E0	6.347858621E0
6.708442084E-1	3.240602636E0	3.858829039E0	-3.763257469E0	6.289210903E0
6.808852084E-1	2.965152878E0	3.025009655E0	-3.436112477E0	5.454327086E0
6.909262083E-1	2.841960523E0	2.099265609E0	-3.294278322E0	4.830727209E0
7.009672084E-1	2.539984871E0	1.055737590E0	-3.835077942E0	4.719526229E0
7.110092083E-1	1.970329826E0	4.953059435E-1	-4.093235144E0	4.569693813E0
7.210502084E-1	8.220422146E-1	6.363407850E-2	-3.039513674E0	3.149356454E0
7.310912083E-1	-1.643209393E-1	-1.258631880E0	-1.784783056E0	2.190115553E0
7.411322084E-1	-3.137240601E-1	-2.591843827E0	-1.560756928E0	3.041716522E0
7.511732084E-1	-1.586025525E0	-3.414088063E0	-4.806107211E-1	3.795057434E0
7.612142084E-1	-2.163558669E0	-3.264084177E0	1.055562174E0	4.055791308E0
7.712552084E-1	-1.401989090E0	-2.472215642E0	2.902899912E0	4.062542490E0
7.812962084E-1	-1.135105430E0	-2.321406595E0	4.567665358E0	5.247948146E0
7.913382084E-1	-1.945950007E0	-2.998275016E0	5.778567002E0	6.794719354E0
8.013792083E-1	-2.351065280E0	-3.099288005E0	6.190254838E0	7.311111342E0
8.114202084E-1	-2.269694404E0	-2.360348466E0	4.557180716E0	5.611653379E0
8.214612083E-1	-1.552328167E0	-9.258387709E-1	2.482357053E0	3.070667143E0
8.315022084E-1	2.335912221E-1	1.365330702E-1	2.043220632E0	2.061057178E0
8.415432083E-1	2.312515026E0	8.445197886E-1	1.731794418E0	3.009991915E0
8.515842084E-1	2.558154217E0	1.022019036E0	1.279354413E0	3.037338246E0
8.616252083E-1	1.835728969E0	1.424868806E0	5.447441518E-2	2.324461104E0
8.716672084E-1	1.233014790E0	1.620896126E0	-1.190599526E0	2.359058489E0
8.817082084E-1	1.565728085E0	1.385835133E0	-1.352183822E0	2.490069184E0
8.917492084E-1	1.656018450E0	1.589020030E0	-1.717599133E0	2.866623195E0
9.017902084E-1	2.612864275E0	1.923386625E0	-1.370783815E0	3.522147654E0
9.118312084E-1	3.185521280E0	2.230432105E0	-2.534586722E-1	3.897000705E0
9.218722084E-1	3.455126746E0	2.507509435E0	-4.986470425E-1	4.298156962E0
9.319132084E-1	4.065126117E0	2.499401101E0	-1.523887895E0	5.009440141E0
9.419542084E-1	3.839719754E0	1.856501495E0	-2.131053413E0	4.767749389E0
9.519952083E-1	2.562147573E0	1.055392020E0	-2.727226165E0	3.887957697E0
9.620372084E-1	8.412125304E-1	2.955942929E-1	-2.841022922E0	2.977654404E0
9.720782083E-1	-5.132623408E-1	-7.753372872E-1	-2.295466007E0	2.476640937E0
9.821192084E-1	-1.818167880E0	-1.798486006E0	-6.801171345E-1	2.646289037E0
9.921602083E-1	-2.459655530E0	-2.212462442E0	1.234327344E0	3.531070571E0
1.002201208E0	-2.296588526E0	-2.733359309E0	2.953614568E0	4.633509576E0
1.012242583E0	-2.320458468E0	-3.228593917E0	4.402516015E0	5.932157571E0
1.022283583E0	-2.444258057E0	-3.072465073E0	5.149167446E0	6.475211538E0
1.032325583E0	-2.220240408E0	-3.269964137E0	5.792966940E0	7.012888057E0
1.042366583E0	-2.257881420E0	-3.941515685E0	6.676804576E0	8.075474831E0
1.052407583E0	-1.773660482E0	-2.992503229E0	4.282108980E0	5.517010459E0
1.062448583E0	-2.762034640E0	-1.935603213E0	4.274595016E0	5.444957089E0
1.072489583E0	1.218003891E-1	-1.163272564E0	2.835457834E0	3.067223422E0
1.082530583E0	1.890006333E0	-4.919005251E-1	2.084339130E0	2.856319252E0
1.092571583E0	1.259066767E0	2.610855464E0	-2.745595193E-1	2.911562863E0
1.102612583E0	1.872185335E0	4.577372321E0	-3.428127520E0	6.017430813E0
1.112653583E0	4.360486813E0	4.608670127E0	-6.061400916E0	8.774637694E0
1.122695583E0	3.926773393E0	3.322530021E0	-4.964125875E0	7.148517379E0
1.132736583E0	2.513221288E0	2.418310161E0	-3.307898533E0	4.806942686E0
1.142777583E0	6.830034663E-1	5.203869903E-1	-1.054526047E0	1.359897621E0
1.152818583E0	-1.034981583E0	-9.172503805E-1	1.970297082E0	2.407198731E0
1.162859583E0	-1.035158169E0	-1.122195289E0	3.001340711E0	3.367331401E0
1.172900583E0	-1.250561261E0	-1.411520782E0	2.765031338E0	3.346892990E0
1.182941583E0	-7.504939297E-1	-1.621241696E0	1.878694017E0	2.592519428E0
1.192982583E0	-5.697116530E-1	-1.833265829E0	1.229161621E0	2.279533562E0
1.203024583E0	-1.171949101E0	-2.145786057E0	4.042285430E-1	2.478157221E0
1.213065583E0	-1.513102267E0	-1.965404132E0	-9.277301989E-1	2.648202257E0
1.223106583E0	-1.927245787E0	-1.741622418E0	-2.546712093E0	3.637755827E0
1.233147583E0	-2.449401707E0	-1.901863609E0	-2.273784531E0	3.845354340E0
1.243188583E0	-3.020985017E0	-1.618423339E0	-1.967157712E0	3.951626758E0
1.253229583E0	-2.947378804E0	-1.163757298E0	-3.104890223E0	4.436408024E0
1.263270583E0	-2.653420562E0	-1.195139304E0	-4.635260925E0	5.473083453E0
1.273311583E0	-2.784221900E0	-1.846951237E0	-5.648374068E0	6.562564290E0
1.283352583E0	-3.792331579E0	-2.901619372E0	-5.669629866E0	7.412548590E0
1.293394583E0	-4.855070333E0	-3.915070483E0	-5.019764471E0	8.006092691E0
1.303435583E0	-5.056419497E0	-4.429051264E0	-3.526948096E0	7.590997042E0
1.313476583E0	-2.980842127E0	-4.269096587E0	-1.833518429E0	5.520180729E0
1.323517583E0	-8.590612292E-2	-3.251712638E0	-7.999341846E-2	3.253830649E0
1.333558583E0	1.686463879E0	-1.833552927E0	1.164245394E0	2.749826193E0
1.343599583E0	3.094680984E0	-9.710886186E-1	2.033933792E0	3.828439652E0
1.353640583E0	2.605460238E0	-1.702948934E-1	3.957839065E0	4.741509619E0
1.363681583E0	1.279986497E0	5.758016378E-1	4.201642230E0	4.429865730E0
1.373723583E0	-1.422496006E-2	8.832722104E-1	3.059316147E0	3.184303288E0
1.383764583E0	-1.101255240E0	3.472298849E-1	2.032388080E0	2.337505723E0
1.393805583E0	-1.510986890E0	-4.047793508E-1	1.437017566E0	2.124134457E0
1.403846583E0	-1.477818414E0	-5.211319256E-1	1.164746647E0	1.952475480E0
1.413887583E0	-6.771655331E-1	-3.983994538E-1	1.690926474E0	1.864539521E0
1.423928583E0	6.256036160E-1	1.594290125E-1	2.240116264E0	2.331291138E0
1.433969583E0	1.641739403E0	7.771230268E-1	2.388932580E0	3.001037710E0
1.444010583E0	1.978188630E0	1.473736911E0	1.979286007E0	3.162705145E0
1.454052583E0	2.094411836E0	1.909537495E0	1.552992411E0	3.231822985E0
1.464093583E0	1.645992668E0	1.738416390E0	1.180167509E0	2.669115725E0
1.474134583E0	1.612339603E0	1.514528257E0	1.577880499E0	2.717193719E0
1.484175583E0	1.804675868E0	1.438334944E0	1.945340581E0	3.018279705E0
1.494216583E0	2.743556269E0	1.540610347E0	1.971347827E0	3.713057163E0
1.504257583E0	4.144214678E0	1.937869009E0	1.821543331E0	4.924212800E0
1.514298583E0	3.673831030E0	1.849375493E0	1.129672709E0	4.265370392E0
1.524339583E0	2.506952196E0	1.267336630E0	3.407809907E-1	2.829678980E0
1.534380583E0	1.745264064E0	5.017928445E-1	-1.585402358E-1	1.822876221E0
1.544422583E0	4.882064735E-1	-3.017724609E-1	2.325127763E-1	6.192530743E-1
1.554463583E0	-3.386962391E-1	-7.282981914E-1	9.573599410E-1	1.249668538E0
1.564504583E0	4.904143456E-1	-8.199743468E-1	1.683364854E0	1.935608791E0
1.574545583E0	9.309179547E-1	-9.887279141E-1	2.431071709E0	2.784654517E0
1.584586583E0	-1.487446877E-1	-1.272100357E0	2.501751097E0	2.810537823E0
1.594627583E0	-1.069762795E0	-1.552593631E0	1.997693626E0	2.746947259E0
1.604668583E0	-1.270089938E0	-1.745507893E0	1.716419749E0	2.757901922E0
1.614709583E0	-1.758618520E0	-1.979175494E0	1.754600313E0	3.176239442E0
1.624751583E0	-2.292646480E0	-1.980834349E0	2.001056360E0	3.630999746E0
1.634792583E0	-2.471020471E0	-1.716944829E0	2.303742741E0	3.789600550E0
1.644833583E0	-2.576544002E0	-1.472952799E0	2.122655057E0	3.648812606E0
1.654874583E0	-2.390632512E0	-1.318594492E0	1.433755404E0	3.083742823E0
1.664915583E0	-1.985288174E0	-1.281678096E0	3.923709744E-1	2.395417053E0
1.674956583E0	-1.549716362E0	-1.331153142E0	-6.194519797E-1	2.134785761E0
1.684997583E0	-9.371467743E-1	-1.263247088E0	-1.346332221E0	2.070422114E0
1.695038583E0	-5.087691575E-1	-1.164112224E0	-1.032328262E0	1.636980442E0
1.705079583E0	-7.013143145E-2	-6.843791699E-1	-3.306220382E-1	7.632851355E-1
1.715121583E0	4.949660741E-2	-2.040561318E-2	4.430271578E-1	4.462503398E-1
1.725162583E0	4.368418269E-2	3.647925818E-1	4.440477893E-1	5.763335620E-1
1.735203583E0	3.186684291E-1	3.384000045E-1	-4.654974228E-1	6.578388719E-1
1.745244583E0	5.591577577E-1	-4.237126350E-2	-1.464547134E0	1.568231817E0
1.755285583E0	6.195617612E-1	5.539652109E-2	-1.873294406E0	1.973868658E0
1.765326583E0	4.786353124E-1	4.825730467E-1	-1.731038958E0	1.859694701E0
1.775367583E0	1.543783338E-1	6.938826495E-1	-1.261275699E0	1.447799085E0
1.785408583E0	3.257005099E-1	8.190341145E-1	-6.537649029E-1	1.097408881E0
1.795450583E0	1.062418911E0	6.913537288E-1	-1.033374329E0	1.635410170E0
1.805491583E0	1.672523678E0	3.833341026E-1	-2.360458101E0	2.918225991E0
1.815532583E0	1.836491884E0	3.162817419E-1	-3.108091573E0	3.623943958E0
1.825573583E0	1.691464856E0	3.680529892E-1	-2.858628888E0	3.341896989E0
1.835614583E0	1.177399291E0	2.330518895E-1	-1.865023811E0	2.217858447E0
1.845655583E0	3.147956720E-1	2.481499851E-2	-1.021770530E0	1.069451782E0
1.855696583E0	-4.910535559E-1	-1.913600725E-1	-7.752302831E-1	9.374082697E-1
1.865737583E0	-1.058004702E0	-2.513922662E-1	-6.933885598E-1	1.289713036E0
1.875779583E0	-1.372848175E0	-1.417107797E-1	-6.193370819E-1	1.512736751E0
1.885820583E0	-1.687163937E0	-9.842091858E-2	2.156488216E-1	1.703735085E0
1.895861583E0	-1.789863409E0	-1.263413733E-1	1.448103302E0	2.305770227E0
1.905902583E0	-1.557161475E0	-4.146248925E-1	3.040831051E0	3.441412377E0
1.915943583E0	-9.727592412E-1	-6.232821983E-1	4.146387504E0	4.304331606E0
1.925984583E0	-6.120432286E-1	-5.520075631E-1	3.787491254E0	3.876131998E0
1.936025583E0	-5.230870518E-1	-5.536371821E-1	2.450934116E0	2.566556493E0
1.946066583E0	-4.433103092E-4	-6.242206764E-1	-2.552701396E-1	6.743993576E-1
1.956107583E0	4.450122510E-1	-2.394534212E-1	-2.402558346E0	2.455129417E0
1.966149583E0	-4.926858427E-2	2.754880571E-1	-2.475792384E0	2.491559550E0
1.976190583E0	-1.012456427E0	7.235613620E-1	-1.507455757E0	1.954745999E0
1.986231583E0	-2.035283183E0	8.163169134E-1	-4.264625806E-1	2.233969846E0
1.996272583E0	-1.724595034E0	5.731429088E-1	6.790587884E-1	1.940062283E0
2.006313583E0	1.833452026E-1	-2.010705435E-1	2.556547987E0	2.570988610E0
2.016354542E0	1.497932251E0	1.683869469E-1	3.951275565E0	4.229034616E0
2.026395542E0	1.730770278E0	2.027112722E-1	3.721872338E0	4.109621798E0
2.036436542E0	1.608480587E0	-7.523536366E-1	2.406512526E0	2.990743775E0
2.046478542E0	9.398611249E-1	-1.373676433E0	1.128886843E0	2.011146782E0
2.056519542E0	-4.254632366E-2	-1.728615287E0	-9.422788024E-2	1.731704332E0
2.066560542E0	-3.526033664E-1	-1.779871979E0	-1.268028356E0	2.213632605E0
2.076601542E0	1.317987259E-1	-1.243739607E0	-1.887665692E0	2.264407401E0
2.086642542E0	6.466755925E-1	-4.537088513E-1	-1.838069024E0	2.000634595E0
2.096683542E0	6.148775567E-1	8.871395588E-2	-1.383538639E0	1.516615885E0
2.106724542E0	3.638488777E-1	3.580191672E-2	-1.077515837E0	1.137852434E0
2.116765542E0	2.729990802E-1	-4.470219755E-1	-7.764517665E-1	9.366079703E-1
2.126807542E0	3.036096561E-1	-8.129927713E-1	-6.152522171E-1	1.063800432E0
2.136848542E0	4.949737120E-1	-8.279938030E-1	-5.589841685E-1	1.114915250E0
2.146889542E0	7.044742960E-1	-6.709674114E-1	-6.007517070E-1	1.143408901E0
2.156930542E0	1.066055733E0	-5.563345027E-1	-3.284147143E-1	1.246530838E0
2.166971542E0	1.538060961E0	-4.515149760E-1	3.815664893E-1	1.647753100E0
2.177012542E0	9.704702756E-1	1.840001822E-2	9.159069827E-1	1.334554876E0
2.187053542E0	-2.495532803E-1	7.059431165E-1	1.602228305E0	1.768549707E0
2.197094542E0	-5.293402469E-1	1.133124905E0	1.549778196E0	1.991478246E0
2.207135542E0	-3.598693724E-1	1.082863993E0	1.135149503E0	1.609554220E0
2.217177542E0	-1.809019253E-1	4.987464452E-1	8.800299293E-1	1.027582697E0
2.227218542E0	4.246759638E-3	-3.534922528E-1	1.118549258E0	1.173084502E0
2.237259542E0	4.318929263E-1	-9.739198405E-1	1.649590460E0	1.963720968E0
2.247300542E0	1.558019847E-2	-1.410743687E0	2.459582440E0	2.835486955E0
2.257341542E0	-3.546749253E-1	-1.591621456E0	3.254395048E0	3.640074215E0
2.267382542E0	-3.172247881E-1	-1.119397396E0	3.119097787E0	3.329031857E0
2.277423542E0	1.010571358E-1	-6.088150173E-1	2.744190107E0	2.812729566E0
2.287464542E0	4.774344405E-1	-5.728809536E-2	2.315611419E0	2.365012012E0
2.297506542E0	2.130454658E0	1.028884252E0	1.247348508E-1	2.369176784E0
2.307547542E0	2.346161805E0	1.859984681E0	-1.135498874E0	3.202089306E0
2.317588542E0	1.121596973E0	2.496823064E0	-2.201258300E0	3.512498154E0
2.327629542E0	3.965369694E-1	2.240665902E0	-3.980682967E0	4.585156719E0
2.337670542E0	-3.311962348E-1	1.424471780E0	-5.285105270E0	5.483716670E0
2.347711542E0	-5.617765063E-1	7.719342077E-1	-5.533939379E0	5.615688766E0
2.357752542E0	-2.637831008E-1	6.007838666E-2	-4.156554058E0	4.165349033E0
2.367793542E0	3.376767039E-1	-2.220550311E-1	-2.284151060E0	2.319629293E0
2.377834542E0	1.037387858E0	-1.817911041E-1	-1.404918691E0	1.755852528E0
2.387876542E0	1.626122952E0	-3.670408362E-1	-9.436406189E-1	1.915581491E0
2.397917542E0	2.046128160E0	-3.903712267E-1	-6.460652894E-1	2.180924231E0
2.407958542E0	2.205266274E0	7.708033562E-2	-1.212731237E0	2.517907419E0
2.417999542E0	2.104349471E0	7.458415926E-1	-2.821279213E0	3.597802493E0
2.428040542E0	1.500566275E0	1.019976019E0	-3.838268475E0	4.245509994E0
2.438081542E0	1.020263702E0	8.843124300E-1	-4.832496865E0	5.017566387E0
2.448122542E0	1.225714687E0	6.774069500E-1	-6.306813819E0	6.460430111E0
2.458163542E0	1.550281349E0	3.386298001E-1	-7.579664959E0	7.743988849E0
2.468204542E0	1.524546584E0	-2.339938760E-1	-8.168560851E0	8.312904534E0
2.478246542E0	1.804659788E0	-1.091764040E0	-7.424505583E0	7.718291833E0
2.488287542E0	2.138025340E0	-1.929988132E0	-5.627904135E0	6.322128716E0
2.498328542E0	2.070090488E0	-2.735297661E0	-3.239043476E0	4.717894718E0
2.508369542E0	2.354737478E0	-3.199788778E0	1.596634859E0	4.281667863E0
2.518410542E0	1.942942638E0	-2.603188595E0	4.798618097E0	5.794683132E0
2.528451542E0	7.293547833E-1	-1.970157334E0	5.788013179E0	6.157481212E0
2.538492542E0	-5.534487556E-1	-1.480803856E0	5.805531437E0	6.016916224E0
2.548533542E0	-8.477535912E-1	-7.622032714E-1	3.925691366E0	4.087871411E0
2.558575542E0	-5.136664199E-1	-2.155377245E-1	1.107494220E0	1.239698813E0
2.568616542E0	-9.628390744E-3	2.412724900E-1	-1.345942504E0	1.367430563E0
2.578657542E0	-1.137254208E-2	4.056488317E-1	-2.195841147E0	2.233024552E0
2.588698542E0	-3.843103684E-1	1.748680007E-1	-1.243413332E0	1.313145076E0
2.598739542E0	-3.748038555E-1	-3.110976005E-1	4.981406736E-1	6.967092492E-1
2.608780542E0	-2.273392695E-1	-7.658297145E-1	2.433721667E0	2.561479933E0
2.618821542E0	-3.075812311E-1	-7.822896266E-1	2.912979927E0	3.031836956E0
2.628862542E0	-1.157158861E-1	-1.153590159E0	2.671210424E0	2.911962491E0
2.638903542E0	1.435218085E-1	-1.826415524E0	2.534915920E0	3.127649420E0
2.648945542E0	8.296658143E-2	-1.845259345E0	1.866797857E0	2.626175878E0
2.658986542E0	5.554323504E-1	-1.700483748E0	1.429142536E0	2.289672129E0
2.669027542E0	6.438773344E-1	-1.175618960E0	2.139943519E0	2.525077469E0
2.679068542E0	9.534440607E-2	-5.590689531E-1	2.536415146E0	2.599047988E0
2.689109542E0	-2.091584122E-1	-7.978525758E-3	2.353451675E0	2.362741138E0
2.699150542E0	-4.165424868E-1	1.553347921E-1	1.885649280E0	1.937346058E0
2.709191542E0	-2.403727497E-1	-1.622231045E-1	1.202740100E0	1.237206184E0
2.719232542E0	-3.591813013E-2	-2.980007145E-1	1.248378203E0	1.283955870E0
2.729274542E0	-1.008157919E-1	-2.176441839E-1	1.472299080E0	1.491709555E0
2.739315542E0	-4.891956031E-2	-1.649303654E-1	1.592013804E0	1.601281706E0
2.749356542E0	-1.823366493E-2	3.073764324E-2	1.741020740E0	1.741387517E0
2.759397542E0	-1.040940334E-1	1.560507837E-1	1.529100688E0	1.540563640E0
2.769438542E0	4.878944515E-1	3.312260556E-1	1.669030405E0	1.770145245E0
2.779479542E0	9.372542900E-1	6.163851151E-1	2.277128554E0	2.538442567E0
2.789520542E0	1.066139056E0	7.877713913E-1	3.118681465E0	3.388718096E0
2.799561542E0	7.055536920E-1	7.435854444E-1	3.451191570E0	3.600201185E0
2.809602542E0	4.615229242E-1	5.424461961E-1	2.872580345E0	2.959555562E0
2.819644542E0	4.545880533E-1	3.659216791E-1	2.231644818E0	2.306683239E0
2.829685542E0	4.643754883E-1	3.819804722E-1	2.303470261E0	2.380657245E0
2.839726542E0	4.820949637E-1	5.340124646E-1	3.122994372E0	3.204789964E0
2.849767542E0	6.523177902E-1	6.035320580E-1	4.137495058E0	4.231859497E0
2.859808542E0	1.159232723E0	6.338998649E-1	5.230655998E0	5.394943161E0
2.869849542E0	1.684891855E0	5.183346176E-1	5.737601409E0	6.002299665E0
2.879890542E0	1.824382593E0	4.509928197E-2	5.687760912E0	5.973360025E0
2.889931542E0	1.896647162E0	-5.443617439E-1	5.306994322E0	5.661959811E0
2.899973542E0	1.758340046E0	-1.081584622E0	4.178422644E0	4.660557993E0
2.910014542E0	1.292174141E0	-1.522168813E0	2.817494895E0	3.453257794E0
2.920055542E0	1.370927657E0	-1.763317927E0	1.999560642E0	2.997828466E0
2.930096542E0	1.086498915E0	-1.987480295E0	1.681497838E0	2.820991456E0
2.940137542E0	1.256652159E-1	-2.458754767E0	1.341997388E0	2.803965716E0
2.950178542E0	-2.941836704E-1	-3.006114378E0	1.041658080E0	3.195046047E0
2.960219542E0	1.114152225E-2	-3.321347129E0	9.593398082E-1	3.457138087E0
2.970260542E0	3.282045435E-1	-3.269219787E0	1.161393269E0	3.484874540E0
2.980302542E0	6.601728666E-1	-3.021092606E0	1.492838010E0	3.433859937E0
2.990343542E0	7.306005326E-1	-2.915829860E0	1.652604115E0	3.430297548E0
3.000384542E0	-1.330135580E-2	-3.081700750E0	1.628291684E0	3.485454095E0
3.010426083E0	-1.020097495E0	-3.545785486E0	1.047880687E0	3.835524416E0
3.020467083E0	-1.704298764E0	-4.062749516E0	-1.221553516E-1	4.407435744E0
3.030508083E0	-2.185355043E0	-4.089833234E0	-1.097532903E0	4.765195800E0
3.040549083E0	-2.047259012E0	-3.604153562E0	-1.785137543E0	4.513081919E0
3.050590083E0	-1.550511145E0	-2.956489643E0	-2.028790435E0	3.906521016E0
3.060631083E0	-6.286492114E-1	-2.246930609E0	-2.094239343E0	3.135240887E0
3.070673083E0	4.914072394E-1	-1.541973917E0	-1.960463966E0	2.542161206E0
3.080714083E0	1.110072695E0	-1.079334029E0	-1.694586831E0	2.295397103E0
3.090755083E0	8.562319078E-1	-7.799103945E-1	-1.792509567E0	2.134123673E0
3.100796083E0	3.566214999E-1	-8.068222046E-1	-2.654660465E0	2.797385055E0
3.110837083E0	-3.278566707E-1	-1.133367564E0	-4.006980527E0	4.177068946E0
3.120878083E0	-5.031381792E-1	-1.369057133E0	-5.089946262E0	5.294810517E0
3.130919083E0	-4.002252103E-1	-1.587839477E0	-5.699695664E0	5.930256747E0
3.140960083E0	-6.966431201E-1	-1.749041950E0	-5.533693212E0	5.845187759E0
3.151001083E0	-7.784937604E-1	-1.838934120E0	-4.722336491E0	5.127201300E0
3.161043083E0	-4.618667770E-1	-1.664738549E0	-3.312754646E0	3.736177017E0
3.171084083E0	1.222198903E-1	-1.230699731E0	-1.679495167E0	2.085728541E0
3.181125083E0	4.763426557E-1	-8.202281159E-1	-1.971500220E-1	9.687851253E-1
3.191166083E0	3.975256970E-1	-6.547448963E-1	5.753374419E-1	9.579826361E-1
3.201207083E0	-2.887253859E-1	-5.515304303E-1	-4.774836302E-3	6.225519762E-1
3.211248083E0	-7.333767175E-1	-6.130752987E-1	-1.024753779E0	1.401364706E0
3.221289083E0	-7.016339379E-1	-6.763930428E-1	-1.884815467E0	2.121868770E0
3.231330083E0	-7.480346639E-1	-5.721518058E-1	-2.778719085E0	2.933972273E0
3.241371083E0	-7.135709555E-1	-6.305210513E-1	-2.905967361E0	3.058003697E0
3.251413083E0	-7.222974864E-1	-8.283399582E-1	-2.937538818E0	3.136398420E0
3.261454083E0	-7.861635531E-1	-1.159291779E0	-3.219499158E0	3.511009169E0
3.271495083E0	-6.838653459E-1	-1.413128182E0	-3.664061210E0	3.986219715E0
3.281536083E0	1.680187185E-1	-1.470802778E0	-3.787376064E0	4.066412246E0
3.291577083E0	1.220971426E0	-1.329862077E0	-3.437766362E0	3.882981062E0
3.301618083E0	1.818485968E0	-1.084072613E0	-2.977816193E0	3.653695927E0
3.311659083E0	1.813890203E0	-9.562168103E-1	-2.349429668E0	3.118391897E0
3.321700083E0	1.806704560E0	-9.017154980E-1	-1.628848924E0	2.594305499E0
3.331741083E0	1.519408050E0	-1.052953146E0	-1.155063950E0	2.179789871E0
3.341783083E0	6.203582250E-1	-1.268492040E0	-8.861057711E-1	1.667063232E0
3.351824083E0	-8.110183127E-2	-1.561029409E0	-8.225120384E-1	1.766328501E0
3.361865083E0	-8.878587663E-1	-1.728455073E0	-4.595896885E-1	1.996765587E0
3.371906083E0	-1.109176902E0	-1.539415176E0	-5.724891901E-1	1.981871932E0
3.381947083E0	-1.270030881E0	-1.318890946E0	-9.067511201E-2	1.833214047E0
3.391988083E0	-6.732707758E-1	-9.502321851E-1	3.481829810E-1	1.215510646E0
3.402029083E0	2.702477825E-1	-5.734615821E-1	8.162982023E-1	1.033554452E0
3.412070083E0	8.431756599E-1	-2.146571338E-1	1.355476974E0	1.610695721E0
3.422112083E0	8.278717424E-1	1.568644238E-1	2.109989988E0	2.272011403E0
3.432153083E0	4.816768147E-1	2.278116149E-1	2.898449596E0	2.947018959E0
3.442194083E0	-1.467673056E-1	6.415331125E-2	3.406622922E0	3.410386492E0
3.452235083E0	-1.092662318E0	-6.632964492E-2	3.989958698E0	4.137400267E0
3.462276083E0	-1.612328055E0	-1.903590292E-1	4.674563570E0	4.948472783E0
3.472317083E0	-1.630773827E0	-2.529242367E-1	4.688009827E0	4.969992966E0
3.482358083E0	-1.550162943E0	-3.895988095E-1	4.050092048E0	4.354082909E0
3.492399083E0	-1.067665618E0	-4.477365053E-1	3.221368513E0	3.423096981E0
3.502440083E0	-5.906852867E-1	-3.305635661E-1	2.467010450E0	2.558187237E0
3.512482083E0	6.351516075E-1	-9.142361408E-1	1.602018390E0	1.950822444E0
3.522523083E0	-2.740604594E-1	-9.257896543E-2	1.218956768E0	1.252811080E0
3.532564083E0	-1.587691981E0	8.445268053E-1	1.254612504E0	2.192725219E0
3.542605083E0	-1.171610693E0	5.843590379E-1	1.147023152E0	1.740634715E0
3.552646083E0	-2.009432204E-1	-3.957629442E-2	9.048232931E-1	9.277120526E-1
3.562687083E0	-1.848547527E-1	-2.601636744E-1	9.043525922E-1	9.590151345E-1
3.572728083E0	-5.749081832E-1	-1.156830686E-1	1.017981534E0	1.174814196E0
3.582769083E0	-7.310874595E-1	6.276342809E-2	1.121711140E0	1.340396957E0
3.592810083E0	-5.774386389E-1	1.199491972E-1	1.211712652E0	1.347616690E0
3.602852083E0	-9.459837444E-2	5.637534499E-2	9.960369337E-1	1.002106085E0
3.612893083E0	3.154943412E-1	1.109555948E-1	6.170274317E-1	7.018337943E-1
3.622934083E0	6.364966133E-1	3.543553019E-1	1.121244532E-1	7.370668299E-1
3.632975083E0	8.681708989E-1	5.020933914E-1	-3.100959724E-1	1.049751397E0
3.643016083E0	9.810733241E-1	3.928329045E-1	-5.451429319E-1	1.189118739E0
3.653057083E0	9.919041947E-1	1.713193256E-1	-5.875469398E-1	1.165519476E0
3.663098083E0	7.273117661E-1	6.338791072E-2	-4.037356228E-1	8.342678739E-1
3.673139083E0	2.712929723E-1	1.392689824E-1	-3.828055143E-2	3.073452893E-1
3.683180083E0	8.701972514E-3	2.976145059E-1	3.623303193E-1	4.689705521E-1
3.693222083E0	3.086347532E-1	2.807306707E-1	4.384025949E-1	6.051957994E-1
3.703263083E0	7.784349959E-1	1.822770077E-1	-1.487414718E-2	7.996294083E-1
3.713304083E0	6.024253263E-1	2.028346485E-1	-4.533913475E-1	7.807828651E-1
3.723345083E0	3.775525220E-1	3.008854383E-1	-5.978111422E-1	7.684114234E-1
3.733386083E0	3.000706288E-1	1.640202463E-1	-7.408936787E-1	8.160076388E-1
3.743427083E0	1.103121087E-2	-9.986167252E-2	-8.536203951E-1	8.595125480E-1
3.753468083E0	-4.344107008E-1	-1.917576832E-1	-8.045757043E-1	9.342514276E-1
3.763509083E0	-7.450418396E-1	-9.342037976E-2	-3.567737103E-1	8.313255623E-1
3.773551083E0	-5.396573666E-1	-1.226839399E-1	3.411031723E-2	5.544771737E-1
3.783592083E0	-1.951740651E-1	-2.406515157E-1	3.744381487E-2	3.121027186E-1
3.793633083E0	-5.379482254E-2	-2.364339191E-1	-8.704983830E-2	2.576287161E-1
3.803674083E0	1.173452859E-1	-1.987825280E-1	9.593643665E-2	2.499764178E-1
3.813715083E0	2.990099439E-1	-2.462344372E-1	3.904565960E-1	5.499951800E-1
3.823756083E0	2.946178079E-1	-3.557709128E-1	4.489720219E-1	6.441649413E-1
3.833797083E0	3.417215154E-2	-4.280237871E-1	3.325463569E-1	5.431014434E-1
3.843838083E0	-3.279479603E-1	-3.703491908E-1	2.134181088E-1	5.387538186E-1
3.853879083E0	-5.827589473E-1	-1.882534468E-1	1.667392015E-1	6.347041139E-1
3.863921083E0	-3.818341456E-1	-9.540258586E-2	-3.465001523E-2	3.950944086E-1
3.873962083E0	-1.162392850E-1	-6.189336240E-2	-3.073109436E-1	3.343387141E-1
3.884003083E0	-2.011895344E-2	7.223357856E-2	-4.278074402E-1	4.343289859E-1
3.894044083E0	-9.181341872E-2	1.751147532E-1	-2.376209038E-1	3.091254998E-1
3.904085083E0	-1.699852833E-1	1.296959209E-1	-3.088616252E-2	2.160323668E-1
3.914126083E0	-1.345521797E-1	-8.158386111E-2	-1.452916145E-2	1.580231375E-1
3.924167083E0	-1.761466406E-1	-2.080579662E-1	-5.777984619E-2	2.786651520E-1
3.934208083E0	-1.867401874E-1	-1.126255596E-1	1.240369856E-2	2.184267978E-1
3.944249083E0	-8.849117696E-2	3.479385674E-2	5.951179147E-2	1.121737678E-1
3.954291083E0	1.056150404E-1	3.260699809E-2	2.376425385E-2	1.130596871E-1
3.964332083E0	2.511221248E-1	2.887472034E-2	-8.125875592E-3	2.529072970E-1
3.974373083E0	1.780458163E-1	1.001066709E-1	4.402251720E-2	2.089488939E-1
3.984414083E0	4.829990163E-2	1.568574071E-1	1.003662872E-1	1.923811796E-1
3.994455083E0	-4.598455042E-2	4.779864907E-2	9.281051517E-2	1.140748941E-1
4.004496083E0	-5.073570549E-2	-1.983586049E-1	-8.617041707E-2	2.221386700E-1
4.014536417E0	-7.380647957E-3	-2.561980927E-1	-2.426711440E-1	3.529606505E-1
4.024577417E0	5.644317269E-3	-1.399495983E-1	-3.406289631E-1	3.683012882E-1
4.034618417E0	3.316628426E-2	-4.782496154E-2	-3.208571881E-1	3.260928771E-1
4.044660417E0	1.378257434E-1	-1.912624240E-2	-2.505391574E-1	2.865861443E-1
4.054701417E0	1.919396777E-1	2.346663058E-2	-1.220635504E-1	2.286723266E-1
4.064742417E0	1.717691226E-1	2.708430290E-2	5.947670817E-2	1.837815817E-1
4.074783417E0	4.609988675E-2	4.262971044E-2	1.469528085E-1	1.598049427E-1
4.084824417E0	-9.701480940E-2	8.496530592E-2	1.190680218E-1	1.755225634E-1
4.094865417E0	-5.301246509E-2	6.272249758E-2	8.430574000E-2	1.176940566E-1
4.104906417E0	1.452233483E-1	1.601844728E-2	-2.736847758E-2	1.486453669E-1
4.114947417E0	1.726519060E-1	-1.414441466E-2	-4.546853364E-2	1.790981091E-1
4.124988417E0	2.045278560E-1	-8.038576663E-2	-8.288603604E-2	2.348693473E-1
4.135030417E0	-1.783131802E-1	-2.044689453E-1	-1.403235862E0	1.429221475E0
4.145071417E0	-3.119742443E-1	-1.147264642E-1	-1.457254195E0	1.494683872E0
4.155112417E0	-1.939090200E-1	2.675218105E-2	-2.211440349E-1	2.953321374E-1
4.165153417E0	-1.016463889E-1	6.419365704E-2	8.866589177E-1	8.947719543E-1
4.175194417E0	-1.003680414E-1	6.546074867E-2	1.177445630E0	1.183527382E0
4.185235417E0	-2.871861430E-1	4.796354055E-2	9.323782969E-1	9.767833283E-1
4.195276417E0	-4.508814302E-1	-8.539916933E-2	6.321220189E-1	7.811308015E-1
4.205317417E0	-4.545689768E-1	-5.544797659E-2	1.763327283E-1	4.907144422E-1